﻿product_id,product_name,category,subcategory,price,stock_quantity,cost_price
38,kqy_qtl_mxc,食料品,肉類,365.5,31,255.85
39,mov_qwd_xwo,食料品,肉類,502.05,65,351.44
40,efz_svq_awk,日用品,医薬品,156.89,46,109.82
41,wqp_huf_beo,食料品,健康食品,254.52,47,178.16
42,aik_nyt_iwn,日用品,スポーツ・アウトドア用品,847.77,17,593.44
43,qbc_gxs_bic,日用品,冷暖房器具,655.12,98,458.58
44,pbw_lyo_xyw,日用品,キッチン用品,253.68,10,177.58
45,ihl_uwx_vnh,食料品,野菜,298.03,18,208.62
46,irk_pxz_jnq,食料品,果物,549.09,17,384.36
47,igq_hfr_aix,食料品,果物,631.62,64,442.13
48,ouc_btm_cxy,食料品,野菜,651.55,90,456.08
49,iks_wwd_ufs,日用品,冷暖房器具,692.45,21,484.72
50,yww_npm_ohv,食料品,肉類,283.58,91,198.51
88,zbj_mue_ist,食料品,野菜,889.14,85,622.4
89,yem_dmo_lju,日用品,キッチン用品,1074.18,91,751.93
90,tyl_ume_rxl,日用品,キッチン用品,809.01,38,566.31
91,czl_xmd_scz,日用品,医薬品,686.31,71,480.42
92,boc_cfa_qja,食料品,健康食品,376.41,100,263.49
93,civ_yaf_dbu,日用品,医薬品,1010.11,83,707.08
94,msx_wjx_oiv,日用品,スポーツ・アウトドア用品,652.23,13,456.56
95,zch_jzn_gqy,日用品,医薬品,209.48,77,146.64
96,avp_yhx_umj,日用品,スポーツ・アウトドア用品,384.93,3,269.45
97,buh_flt_urs,日用品,キッチン用品,928.99,33,650.29
98,ibj_wuv_gri,日用品,スポーツ・アウトドア用品,878.32,36,614.82
99,lbi_yzg_epm,日用品,医薬品,827.8,24,579.46
100,yab_bnc_ixt,日用品,医薬品,621.53,80,435.07
1,gnk_vva_pdm,食料品,健康食品,530.58,35,371.41
2,awc_gjv_vrm,日用品,医薬品,447.92,42,313.54
3,yig_ldn_ucg,食料品,野菜,638.6,2,447.02
4,xln_ikk_jse,日用品,冷暖房器具,498.91,50,349.24
5,pcb_vav_bfh,日用品,医薬品,974.51,61,682.16
6,kfm_qlg_uax,日用品,冷暖房器具,1009.84,67,706.89
7,zww_xbu_vxk,食料品,野菜,1087.63,70,761.34
8,ugr_jvm_nxd,日用品,スポーツ・アウトドア用品,662.02,74,463.41
9,yjo_fny_keh,日用品,医薬品,873.46,89,611.42
10,bzd_drz_pzx,食料品,果物,883.9,94,618.73
11,elb_nmi_ejx,食料品,果物,548.3,47,383.81
12,xix_qjx_jee,食料品,果物,786.94,17,550.86
26,ber_xlf_jzf,食料品,健康食品,744.43,92,521.1
27,zvw_igs_bom,日用品,スポーツ・アウトドア用品,638.99,35,447.29
28,elj_ewy_seh,日用品,冷暖房器具,674.64,100,472.25
29,uua_vnx_hdf,日用品,スポーツ・アウトドア用品,835.85,69,585.1
30,tle_let_rvs,食料品,健康食品,937.65,41,656.35
31,bup_fle_glo,食料品,野菜,571.56,82,400.09
32,hli_rzh_qvz,食料品,健康食品,509.06,63,356.34
33,eem_uqh_cpy,日用品,冷暖房器具,910.44,32,637.31
34,hym_igw_rwb,日用品,冷暖房器具,553.79,7,387.65
35,fpd_hhn_kxo,日用品,冷暖房器具,321.25,43,224.87
36,iou_bcu_vev,食料品,果物,711.25,11,497.87
37,rgi_zcb_fcm,日用品,医薬品,918.77,39,643.14
76,sew_xby_byv,食料品,果物,494.03,12,345.82
77,ins_edp_dxo,食料品,野菜,699.29,32,489.5
78,gjz_uxs_ozy,日用品,医薬品,516.97,83,361.88
79,yie_jvd_aye,食料品,野菜,486.78,68,340.75
80,hcm_tlx_hck,日用品,冷暖房器具,874.91,81,612.44
81,pmx_kgr_gkr,食料品,肉類,808.59,68,566.01
82,nvm_zew_ypl,日用品,スポーツ・アウトドア用品,498.97,62,349.28
83,kaw_iss_lgx,食料品,果物,315.28,9,220.7
84,gvu_agx_mtx,日用品,キッチン用品,805.51,39,563.86
85,mcd_sfy_loo,日用品,スポーツ・アウトドア用品,665.98,55,466.19
86,vyj_frn_bgu,食料品,野菜,401.29,58,280.9
87,pzx_vhj_qhr,日用品,キッチン用品,312.49,45,218.74
13,otv_vcb_jjh,食料品,野菜,213.25,64,149.27
14,fmd_yyr_wen,日用品,冷暖房器具,298.43,89,208.9
15,nnt_xlo_oci,食料品,肉類,312.43,65,218.7
16,gyu_lax_zov,食料品,肉類,481.11,71,336.78
17,yvg_yuf_ihp,食料品,野菜,905.72,18,634
18,sgc_lqt_ppb,食料品,野菜,1001.84,59,701.29
19,juj_lqx_tub,食料品,肉類,495.24,10,346.67
20,oxk_yej_oep,日用品,キッチン用品,841.45,30,589.02
21,sbj_htf_ilu,食料品,健康食品,310.51,14,217.36
22,wnk_rkt_zew,日用品,冷暖房器具,1039.94,4,727.96
23,qiz_chv_oqs,食料品,肉類,574.83,32,402.38
24,ioz_ssx_wvs,食料品,野菜,851.21,87,595.85
25,hea_qfn_cjl,日用品,冷暖房器具,201.57,23,141.1
51,alj_wna_fxo,日用品,スポーツ・アウトドア用品,937.21,22,656.05
52,nnr_rmm_hkq,食料品,肉類,708.2,35,495.74
53,cqr_hle_meq,日用品,キッチン用品,179.01,47,125.31
54,qbk_hud_cic,日用品,医薬品,559.95,1,391.97
55,tlv_nuh_eaz,日用品,医薬品,573.66,41,401.56
56,mmu_qix_zlg,日用品,冷暖房器具,989.31,70,692.52
57,fgn_jun_dyx,日用品,キッチン用品,437.65,57,306.35
58,koa_gsg_yyf,日用品,医薬品,825.89,28,578.12
59,see_guz_mjl,食料品,肉類,239.73,67,167.81
60,hwh_rdt_iwt,日用品,冷暖房器具,465.35,23,325.75
61,xlj_exg_buh,日用品,キッチン用品,226.29,65,158.4
62,rsd_ojb_ynv,日用品,冷暖房器具,848.25,83,593.78
63,jaw_dtu_flz,食料品,果物,1068.91,92,748.24
64,ibj_xal_qeh,食料品,果物,642.26,30,449.58
65,ffu_qhf_ccw,食料品,果物,865.92,27,606.14
66,usl_ija_hds,食料品,健康食品,887.31,72,621.12
67,egk_cqi_eee,日用品,冷暖房器具,305.21,41,213.65
68,mxw_hrq_izy,食料品,果物,951.94,51,666.36
69,hla_jkt_yrk,日用品,冷暖房器具,517.45,42,362.22
70,upo_zga_rrf,食料品,健康食品,915.89,64,641.12
71,jek_eat_ycz,食料品,野菜,345.06,63,241.54
72,taa_zom_dgv,食料品,野菜,740.85,26,518.6
73,hjr_szf_ybb,食料品,果物,1054.94,37,738.46
74,cop_bam_efc,食料品,果物,668.41,84,467.89
75,bzj_ywp_fxv,日用品,冷暖房器具,509.44,73,356.61
