review_id,transaction_id,user_id,product_id,rating,review_text,review_date
REV00001,TX00001,USER0013,PROD018,2,期待していた機能が使えず、残念でした。,2026-01-15
REV00002,TX00002,USER0072,PROD007,4,良い買い物でした。配送の速さも素晴らしい。,2026-01-29
REV00003,TX00003,USER0457,PROD035,2,思ったほど効果を感じられませんでした。,2026-04-05
REV00004,TX00004,USER0217,PROD003,5,期待以上の素晴らしい商品でした。また購入したいと思います。,2026-03-17
REV00005,TX00005,USER0112,PROD015,5,想像していた通りの商品で、使い心地も抜群でした。リピート確定です。,2026-01-12
REV00006,TX00006,USER0014,PROD036,3,アプリ連携機能があればもっと便利になりそう。,2026-03-19
REV00007,TX00007,USER0333,PROD035,4,日常使いに十分な品質。価格も手頃で満足です。,2026-04-02
REV00008,TX00008,USER0230,PROD038,4,商品は良いのですが、パッケージがもう少し環境に優しいと嬉しいです。,2026-01-29
REV00009,TX00009,USER0389,PROD011,4,商品自体は良いので、あとは価格がもう少し安ければ。,2026-01-01
REV00010,TX00010,USER0175,PROD018,2,使いづらく、すぐに使わなくなってしまいました。,2026-02-24
REV00011,TX00011,USER0491,PROD022,5,リピーターです。いつも品質が安定していて信頼できます。,2026-01-28
REV00012,TX00012,USER0195,PROD007,5,家族全員が気に入り、追加でもう1つ買いました。,2026-01-12
REV00013,TX00013,USER0310,PROD017,3,配送が予定より遅れて届きました。次回は改善をお願いします。,2026-02-14
REV00014,TX00014,USER0374,PROD030,1,カスタマーサポートの対応が遅く、不満です。,2026-01-06
REV00015,TX00015,USER0499,PROD025,3,箱が大きすぎるので、もっとコンパクトな梱包を希望します。,2026-01-16
REV00016,TX00016,USER0151,PROD024,5,期待以上の素晴らしい商品でした。また購入したいと思います。,2026-03-12
REV00017,TX00017,USER0361,PROD005,2,商品が届いた時点で箱が潰れていました。中身は無事でしたが残念です。,2026-01-25
REV00018,TX00018,USER0117,PROD019,5,デザインが気に入りました。注文から到着まで早くて助かりました。,2026-03-26
REV00019,TX00019,USER0444,PROD007,5,期待以上の素晴らしい商品でした。また購入したいと思います。,2026-01-30
REV00020,TX00020,USER0233,PROD024,3,思ったのと少し違いましたが、使えないことはないです。,2026-02-05
REV00021,TX00021,USER0182,PROD014,4,値段の割にクオリティが高く、コスパが素晴らしい。友人にもお勧めしました。,2026-02-17
REV00022,TX00022,USER0360,PROD005,2,組み立てが思ったより大変で、一人では難しかったです。,2026-02-04
REV00023,TX00023,USER0088,PROD035,2,思っていた色と違いました。画像と実物の差が大きすぎます。,2026-03-23
REV00024,TX00024,USER0084,PROD030,2,初期不良がありました。交換対応は迅速でしたが、品質管理の改善をお願いします。,2026-02-01
REV00025,TX00025,USER0474,PROD036,3,思ったのと少し違いましたが、使えないことはないです。,2026-02-04
REV00026,TX00026,USER0167,PROD004,4,全体的には満足。あと少し改良があれば完璧です。,2026-03-29
REV00027,TX00027,USER0413,PROD021,4,全体的には満足。あと少し改良があれば完璧です。,2026-01-05
REV00028,TX00028,USER0034,PROD014,3,可もなく不可もなく、無難な選択だったと思います。,2026-02-04
REV00029,TX00029,USER0449,PROD021,4,定期的にクーポンが届くので、継続的に利用しています。,2026-03-14
REV00030,TX00030,USER0256,PROD026,4,デザインは気に入っていますが、少し重めなのが残念。,2026-03-25
REV00031,TX00031,USER0235,PROD010,5,カスタマーサポートの対応が丁寧で助かりました。,2026-03-24
REV00032,TX00032,USER0127,PROD036,4,予想以上に良かったですが、期待していた機能が一部足りず星4つに。,2026-01-18
REV00033,TX00033,USER0383,PROD038,3,箱が大きすぎるので、もっとコンパクトな梱包を希望します。,2026-02-03
REV00034,TX00034,USER0205,PROD024,4,サイズ展開がもっとあればもっと買いたい。,2026-03-16
REV00035,TX00035,USER0261,PROD032,4,全体的には満足。あと少し改良があれば完璧です。,2026-01-18
REV00036,TX00036,USER0025,PROD008,5,期待以上の素晴らしい商品でした。また購入したいと思います。,2026-04-07
REV00037,TX00037,USER0082,PROD028,5,リピーターです。いつも品質が安定していて信頼できます。,2026-03-22
REV00038,TX00038,USER0198,PROD025,2,思っていた色と違いました。画像と実物の差が大きすぎます。,2026-01-09
REV00039,TX00039,USER0271,PROD017,2,思っていた色と違いました。画像と実物の差が大きすぎます。,2026-03-01
REV00040,TX00040,USER0349,PROD008,4,定期便のサブスク割引があれば継続しやすいです。,2026-01-02
REV00041,TX00041,USER0385,PROD018,2,思ったほど効果を感じられませんでした。,2026-03-10
REV00042,TX00042,USER0175,PROD008,1,2回目の使用で故障。品質に疑問を感じます。,2026-03-24
REV00043,TX00043,USER0081,PROD030,3,普通の商品でした。特に良くも悪くもないです。,2026-02-25
REV00044,TX00044,USER0449,PROD017,5,商品の品質が期待以上で大満足です。配送も迅速でした。また利用します。,2026-04-03
REV00045,TX00045,USER0092,PROD033,3,アプリ連携機能があればもっと便利になりそう。,2026-04-08
REV00046,TX00046,USER0446,PROD020,4,定期的にクーポンが届くので、継続的に利用しています。,2026-01-14
REV00047,TX00047,USER0260,PROD013,1,商品の説明と異なる内容で、非常に残念です。,2026-03-23
REV00048,TX00048,USER0391,PROD011,5,リピーターです。いつも品質が安定していて信頼できます。,2026-02-17
REV00049,TX00049,USER0473,PROD034,3,箱が大きすぎるので、もっとコンパクトな梱包を希望します。,2026-04-10
REV00050,TX00050,USER0307,PROD021,4,定期的にクーポンが届くので、継続的に利用しています。,2026-01-01
REV00051,TX00051,USER0058,PROD024,4,ギフトラッピングのオプションがあると嬉しいです。,2026-01-03
REV00052,TX00052,USER0123,PROD004,5,カスタマーサポートの対応が丁寧で助かりました。,2026-02-09
REV00053,TX00053,USER0485,PROD006,4,良い買い物でした。配送の速さも素晴らしい。,2026-03-14
REV00054,TX00054,USER0249,PROD005,5,期待以上の素晴らしい商品でした。また購入したいと思います。,2026-04-04
REV00055,TX00055,USER0393,PROD009,1,注文したものと違う商品が届きました。確認をしっかりお願いします。,2026-03-10
REV00056,TX00056,USER0244,PROD036,5,丁寧な対応とスピーディーな発送に感動しました。,2026-03-26
REV00057,TX00057,USER0271,PROD028,4,値段の割にクオリティが高く、コスパが素晴らしい。友人にもお勧めしました。,2026-02-03
REV00058,TX00058,USER0387,PROD013,4,デザインは気に入っていますが、少し重めなのが残念。,2026-03-11
REV00059,TX00059,USER0205,PROD024,2,商品画像と実物の印象がかなり違います。,2026-02-09
REV00060,TX00060,USER0232,PROD008,4,色のバリエーションを増やしてほしいです。,2026-03-08
REV00061,TX00061,USER0033,PROD022,4,良い買い物でした。配送の速さも素晴らしい。,2026-01-29
REV00062,TX00062,USER0284,PROD015,5,想像していた通りの商品で、使い心地も抜群でした。リピート確定です。,2026-03-17
REV00063,TX00063,USER0004,PROD005,2,サイズが想像より小さく、返品を検討中です。説明をもっと詳しくしてほしい。,2026-01-29
REV00064,TX00064,USER0031,PROD015,2,商品画像と実物の印象がかなり違います。,2026-03-22
REV00065,TX00065,USER0441,PROD022,5,友人へのプレゼントに購入しましたが、とても喜んでもらえました。,2026-01-05
REV00066,TX00066,USER0122,PROD018,5,友人へのプレゼントに購入しましたが、とても喜んでもらえました。,2026-03-07
REV00067,TX00067,USER0110,PROD035,2,組み立てが思ったより大変で、一人では難しかったです。,2026-03-04
REV00068,TX00068,USER0479,PROD037,5,丁寧な対応とスピーディーな発送に感動しました。,2026-04-03
REV00069,TX00069,USER0125,PROD031,2,商品が届いた時点で箱が潰れていました。中身は無事でしたが残念です。,2026-03-02
REV00070,TX00070,USER0098,PROD007,1,カスタマーサポートの対応が遅く、不満です。,2026-02-22
REV00071,TX00071,USER0221,PROD023,5,家族全員が気に入り、追加でもう1つ買いました。,2026-03-26
REV00072,TX00072,USER0240,PROD004,4,サイズ展開がもっとあればもっと買いたい。,2026-02-22
REV00073,TX00073,USER0331,PROD007,2,思ったほど効果を感じられませんでした。,2026-03-25
REV00074,TX00074,USER0373,PROD022,5,梱包も丁寧で、商品に傷もなく、非常に満足しています。,2026-02-21
REV00075,TX00075,USER0128,PROD013,1,カスタマーサポートの対応が遅く、不満です。,2026-01-14
REV00076,TX00076,USER0230,PROD009,4,日常使いに十分な品質。価格も手頃で満足です。,2026-03-10
REV00077,TX00077,USER0143,PROD030,4,サイズ展開がもっとあればもっと買いたい。,2026-01-24
REV00078,TX00078,USER0227,PROD036,4,良い買い物でした。配送の速さも素晴らしい。,2026-01-10
REV00079,TX00079,USER0334,PROD035,5,家族全員が気に入り、追加でもう1つ買いました。,2026-01-07
REV00080,TX00080,USER0497,PROD006,1,商品の説明と異なる内容で、非常に残念です。,2026-01-02
REV00081,TX00081,USER0435,PROD016,4,会員ランクが上がると特典が増えて嬉しいです。,2026-04-07
REV00082,TX00082,USER0249,PROD031,4,値段の割にクオリティが高く、コスパが素晴らしい。友人にもお勧めしました。,2026-02-22
REV00083,TX00083,USER0463,PROD004,4,デザインは気に入っていますが、少し重めなのが残念。,2026-02-21
REV00084,TX00084,USER0002,PROD025,4,値段の割にクオリティが高く、コスパが素晴らしい。友人にもお勧めしました。,2026-02-18
REV00085,TX00085,USER0402,PROD030,4,予想以上に良かったですが、期待していた機能が一部足りず星4つに。,2026-04-11
REV00086,TX00086,USER0357,PROD036,3,普通の商品でした。特に良くも悪くもないです。,2026-02-24
REV00087,TX00087,USER0250,PROD010,2,組み立てが思ったより大変で、一人では難しかったです。,2026-04-02
REV00088,TX00088,USER0112,PROD004,4,日常使いに十分な品質。価格も手頃で満足です。,2026-02-07
REV00089,TX00089,USER0278,PROD004,2,サイズが想像より小さく、返品を検討中です。説明をもっと詳しくしてほしい。,2026-04-05
REV00090,TX00090,USER0030,PROD004,1,使用して1週間で壊れました。耐久性に問題があると思います。,2026-02-10
REV00091,TX00091,USER0258,PROD034,2,サイズが想像より小さく、返品を検討中です。説明をもっと詳しくしてほしい。,2026-03-03
REV00092,TX00092,USER0492,PROD033,4,値段の割にクオリティが高く、コスパが素晴らしい。友人にもお勧めしました。,2026-01-08
REV00093,TX00093,USER0036,PROD005,5,期待以上の素晴らしい商品でした。また購入したいと思います。,2026-01-24
REV00094,TX00094,USER0207,PROD008,2,思ったほど効果を感じられませんでした。,2026-01-31
REV00095,TX00095,USER0127,PROD038,4,サイトが使いやすく、検索も簡単で買い物がスムーズ。,2026-03-14
REV00096,TX00096,USER0318,PROD006,2,思っていた色と違いました。画像と実物の差が大きすぎます。,2026-01-06
REV00097,TX00097,USER0299,PROD037,4,商品は良いのですが、パッケージがもう少し環境に優しいと嬉しいです。,2026-03-26
REV00098,TX00098,USER0479,PROD017,3,説明動画がYouTubeにあると助かります。,2026-02-10
REV00099,TX00099,USER0367,PROD021,4,デザインは気に入っていますが、少し重めなのが残念。,2026-03-27
REV00100,TX00100,USER0203,PROD009,4,良い買い物でした。配送の速さも素晴らしい。,2026-02-03
REV00101,TX00101,USER0154,PROD030,2,組み立てが思ったより大変で、一人では難しかったです。,2026-03-24
REV00102,TX00102,USER0480,PROD005,3,使用期間が短いのでまだ評価できません。,2026-04-07
REV00103,TX00103,USER0319,PROD037,5,商品の品質が期待以上で大満足です。配送も迅速でした。また利用します。,2026-02-28
REV00104,TX00104,USER0276,PROD014,5,家族全員が気に入り、追加でもう1つ買いました。,2026-01-10
REV00105,TX00105,USER0068,PROD023,3,アプリ連携機能があればもっと便利になりそう。,2026-02-03
REV00106,TX00106,USER0451,PROD016,5,カスタマーサポートの対応が丁寧で助かりました。,2026-01-09
REV00107,TX00107,USER0081,PROD029,3,説明書が分かりにくかったので、動画マニュアルがあると助かります。,2026-02-06
REV00108,TX00108,USER0361,PROD020,1,商品の説明と異なる内容で、非常に残念です。,2026-03-11
REV00109,TX00109,USER0271,PROD001,2,味が期待外れでした。他のブランドの方が美味しかったです。,2026-03-25
REV00110,TX00110,USER0154,PROD007,2,組み立てが思ったより大変で、一人では難しかったです。,2026-03-12
REV00111,TX00111,USER0136,PROD008,4,サイトが使いやすく、検索も簡単で買い物がスムーズ。,2026-01-18
REV00112,TX00112,USER0381,PROD036,5,カスタマーサポートの対応が丁寧で助かりました。,2026-01-14
REV00113,TX00113,USER0145,PROD014,5,リピーターです。いつも品質が安定していて信頼できます。,2026-02-04
REV00114,TX00114,USER0105,PROD017,2,商品画像と実物の印象がかなり違います。,2026-02-13
REV00115,TX00115,USER0129,PROD004,3,アプリ連携機能があればもっと便利になりそう。,2026-03-04
REV00116,TX00116,USER0217,PROD018,5,期待以上の素晴らしい商品でした。また購入したいと思います。,2026-03-23
REV00117,TX00117,USER0171,PROD009,5,デザインが気に入りました。注文から到着まで早くて助かりました。,2026-01-01
REV00118,TX00118,USER0083,PROD029,2,期待していた機能が使えず、残念でした。,2026-02-03
REV00119,TX00119,USER0219,PROD036,4,定期便のサブスク割引があれば継続しやすいです。,2026-04-01
REV00120,TX00120,USER0039,PROD010,5,商品の品質が期待以上で大満足です。配送も迅速でした。また利用します。,2026-01-15
REV00121,TX00121,USER0428,PROD024,3,箱が大きすぎるので、もっとコンパクトな梱包を希望します。,2026-01-05
REV00122,TX00122,USER0076,PROD028,2,サイズが想像より小さく、返品を検討中です。説明をもっと詳しくしてほしい。,2026-03-12
REV00123,TX00123,USER0158,PROD024,5,丁寧な対応とスピーディーな発送に感動しました。,2026-01-06
REV00124,TX00124,USER0461,PROD023,5,問い合わせへの返信が迅速で、安心して購入できました。,2026-01-06
REV00125,TX00125,USER0128,PROD007,4,デザインは気に入っていますが、少し重めなのが残念。,2026-03-29
REV00126,TX00126,USER0287,PROD027,3,配送が予定より遅れて届きました。次回は改善をお願いします。,2026-04-10
REV00127,TX00127,USER0080,PROD016,2,味が期待外れでした。他のブランドの方が美味しかったです。,2026-04-06
REV00128,TX00128,USER0500,PROD012,1,配送時に箱が開封された形跡がありました。セキュリティを強化してほしい。,2026-01-21
REV00129,TX00129,USER0013,PROD012,5,カスタマーサポートの対応が丁寧で助かりました。,2026-02-22
REV00130,TX00130,USER0401,PROD027,1,使用して1週間で壊れました。耐久性に問題があると思います。,2026-02-12
REV00131,TX00131,USER0443,PROD016,1,カスタマーサポートの対応が遅く、不満です。,2026-03-27
REV00132,TX00132,USER0404,PROD007,4,商品自体は良いので、あとは価格がもう少し安ければ。,2026-01-21
REV00133,TX00133,USER0440,PROD031,3,思ったのと少し違いましたが、使えないことはないです。,2026-01-05
REV00134,TX00134,USER0419,PROD030,4,全体的には満足。あと少し改良があれば完璧です。,2026-01-26
REV00135,TX00135,USER0421,PROD015,3,配送が予定より遅れて届きました。次回は改善をお願いします。,2026-02-09
REV00136,TX00136,USER0338,PROD013,4,全体的には満足。あと少し改良があれば完璧です。,2026-01-04
REV00137,TX00137,USER0143,PROD005,3,可もなく不可もなく、無難な選択だったと思います。,2026-02-12
REV00138,TX00138,USER0180,PROD033,1,2回目の使用で故障。品質に疑問を感じます。,2026-02-05
REV00139,TX00139,USER0432,PROD035,3,可もなく不可もなく、無難な選択だったと思います。,2026-03-28
REV00140,TX00140,USER0060,PROD017,3,まあまあです。他の商品と比べて特筆する点はありません。,2026-01-04
REV00141,TX00141,USER0493,PROD017,4,思っていたより良い商品でした。次も買いたいです。,2026-03-16
REV00142,TX00142,USER0306,PROD028,5,デザインが気に入りました。注文から到着まで早くて助かりました。,2026-01-14
REV00143,TX00143,USER0403,PROD021,3,配送が予定より遅れて届きました。次回は改善をお願いします。,2026-04-04
REV00144,TX00144,USER0262,PROD008,4,サイズ展開がもっとあればもっと買いたい。,2026-03-19
REV00145,TX00145,USER0098,PROD017,3,思ったのと少し違いましたが、使えないことはないです。,2026-03-15
REV00146,TX00146,USER0224,PROD001,5,デザインが気に入りました。注文から到着まで早くて助かりました。,2026-04-01
REV00147,TX00147,USER0352,PROD013,3,説明動画がYouTubeにあると助かります。,2026-03-10
REV00148,TX00148,USER0036,PROD022,3,説明書が分かりにくかったので、動画マニュアルがあると助かります。,2026-02-25
REV00149,TX00149,USER0340,PROD008,2,味が期待外れでした。他のブランドの方が美味しかったです。,2026-02-10
REV00150,TX00150,USER0260,PROD020,2,初期不良がありました。交換対応は迅速でしたが、品質管理の改善をお願いします。,2026-02-08
REV00151,TX00151,USER0168,PROD026,2,組み立てが思ったより大変で、一人では難しかったです。,2026-02-22
REV00152,TX00152,USER0284,PROD009,2,使いづらく、すぐに使わなくなってしまいました。,2026-02-07
REV00153,TX00153,USER0341,PROD025,4,日常使いに十分な品質。価格も手頃で満足です。,2026-02-23
REV00154,TX00154,USER0463,PROD012,2,思ったほど効果を感じられませんでした。,2026-04-06
REV00155,TX00155,USER0155,PROD026,2,味が期待外れでした。他のブランドの方が美味しかったです。,2026-03-14
REV00156,TX00156,USER0156,PROD019,4,定期便のサブスク割引があれば継続しやすいです。,2026-01-01
REV00157,TX00157,USER0403,PROD038,4,デザインは気に入っていますが、少し重めなのが残念。,2026-02-25
REV00158,TX00158,USER0165,PROD030,2,思っていた色と違いました。画像と実物の差が大きすぎます。,2026-03-25
REV00159,TX00159,USER0346,PROD014,4,色のバリエーションを増やしてほしいです。,2026-02-26
REV00160,TX00160,USER0407,PROD011,3,アプリ連携機能があればもっと便利になりそう。,2026-03-02
REV00161,TX00161,USER0146,PROD033,2,組み立てが思ったより大変で、一人では難しかったです。,2026-01-11
REV00162,TX00162,USER0318,PROD022,2,組み立てが思ったより大変で、一人では難しかったです。,2026-03-23
REV00163,TX00163,USER0121,PROD020,5,期待以上の素晴らしい商品でした。また購入したいと思います。,2026-04-07
REV00164,TX00164,USER0076,PROD002,4,全体的には満足。あと少し改良があれば完璧です。,2026-01-26
REV00165,TX00165,USER0244,PROD005,5,デザインが気に入りました。注文から到着まで早くて助かりました。,2026-02-01
REV00166,TX00166,USER0454,PROD037,4,もう少し大きいサイズがあると家族でシェアできるので嬉しいです。,2026-02-23
REV00167,TX00167,USER0357,PROD025,4,日常使いに十分な品質。価格も手頃で満足です。,2026-04-02
REV00168,TX00168,USER0125,PROD010,4,ギフトラッピングのオプションがあると嬉しいです。,2026-02-21
REV00169,TX00169,USER0003,PROD007,2,匂いが強くて気になりました。もう少し抑えてほしい。,2026-03-30
REV00170,TX00170,USER0113,PROD012,1,2回目の使用で故障。品質に疑問を感じます。,2026-02-24
REV00171,TX00171,USER0266,PROD030,1,カスタマーサポートの対応が遅く、不満です。,2026-03-31
REV00172,TX00172,USER0128,PROD008,5,梱包も丁寧で、商品に傷もなく、非常に満足しています。,2026-03-13
REV00173,TX00173,USER0411,PROD030,4,もう少し大きいサイズがあると家族でシェアできるので嬉しいです。,2026-01-18
REV00174,TX00174,USER0287,PROD021,2,組み立てが思ったより大変で、一人では難しかったです。,2026-03-09
REV00175,TX00175,USER0457,PROD029,4,サイトが使いやすく、検索も簡単で買い物がスムーズ。,2026-04-07
REV00176,TX00176,USER0457,PROD033,2,味が期待外れでした。他のブランドの方が美味しかったです。,2026-04-03
REV00177,TX00177,USER0229,PROD011,4,サイズ展開がもっとあればもっと買いたい。,2026-03-12
REV00178,TX00178,USER0231,PROD017,1,使用して1週間で壊れました。耐久性に問題があると思います。,2026-03-02
REV00179,TX00179,USER0431,PROD018,1,注文したものと違う商品が届きました。確認をしっかりお願いします。,2026-02-01
REV00180,TX00180,USER0267,PROD032,1,2回目の使用で故障。品質に疑問を感じます。,2026-04-10
REV00181,TX00181,USER0141,PROD029,2,期待していた機能が使えず、残念でした。,2026-01-31
REV00182,TX00182,USER0147,PROD016,5,友人へのプレゼントに購入しましたが、とても喜んでもらえました。,2026-04-02
REV00183,TX00183,USER0164,PROD035,4,商品自体は良いので、あとは価格がもう少し安ければ。,2026-02-12
REV00184,TX00184,USER0078,PROD015,5,期待以上の素晴らしい商品でした。また購入したいと思います。,2026-01-18
REV00185,TX00185,USER0079,PROD014,3,思ったのと少し違いましたが、使えないことはないです。,2026-03-30
REV00186,TX00186,USER0209,PROD022,5,友人へのプレゼントに購入しましたが、とても喜んでもらえました。,2026-02-23
REV00187,TX00187,USER0213,PROD004,3,箱が大きすぎるので、もっとコンパクトな梱包を希望します。,2026-03-01
REV00188,TX00188,USER0200,PROD038,4,デザインは気に入っていますが、少し重めなのが残念。,2026-02-23
REV00189,TX00189,USER0011,PROD037,4,サイトが使いやすく、検索も簡単で買い物がスムーズ。,2026-03-31
REV00190,TX00190,USER0004,PROD023,3,思ったのと少し違いましたが、使えないことはないです。,2026-03-03
REV00191,TX00191,USER0200,PROD027,3,値段相応の商品だと思います。可もなく不可もなく。,2026-04-07
REV00192,TX00192,USER0377,PROD035,3,箱が大きすぎるので、もっとコンパクトな梱包を希望します。,2026-04-06
REV00193,TX00193,USER0460,PROD015,1,カスタマーサポートの対応が遅く、不満です。,2026-03-19
REV00194,TX00194,USER0140,PROD028,4,ギフトラッピングのオプションがあると嬉しいです。,2026-01-29
REV00195,TX00195,USER0200,PROD022,4,ギフトラッピングのオプションがあると嬉しいです。,2026-01-04
REV00196,TX00196,USER0409,PROD026,2,組み立てが思ったより大変で、一人では難しかったです。,2026-03-28
REV00197,TX00197,USER0431,PROD030,2,初期不良がありました。交換対応は迅速でしたが、品質管理の改善をお願いします。,2026-01-22
REV00198,TX00198,USER0319,PROD035,4,定期的にクーポンが届くので、継続的に利用しています。,2026-01-17
REV00199,TX00199,USER0304,PROD037,5,想像していた通りの商品で、使い心地も抜群でした。リピート確定です。,2026-02-20
REV00200,TX00200,USER0043,PROD028,2,組み立てが思ったより大変で、一人では難しかったです。,2026-01-04
REV00201,TX00201,USER0094,PROD004,5,丁寧な対応とスピーディーな発送に感動しました。,2026-03-01
REV00202,TX00202,USER0168,PROD014,4,予想以上に良かったですが、期待していた機能が一部足りず星4つに。,2026-02-18
REV00203,TX00203,USER0173,PROD025,4,もう少し大きいサイズがあると家族でシェアできるので嬉しいです。,2026-02-11
REV00204,TX00204,USER0488,PROD027,4,商品自体は良いので、あとは価格がもう少し安ければ。,2026-04-07
REV00205,TX00205,USER0241,PROD002,4,予想以上に良かったですが、期待していた機能が一部足りず星4つに。,2026-01-11
REV00206,TX00206,USER0027,PROD023,1,使用して1週間で壊れました。耐久性に問題があると思います。,2026-03-11
REV00207,TX00207,USER0036,PROD003,4,全体的には満足。あと少し改良があれば完璧です。,2026-03-25
REV00208,TX00208,USER0487,PROD016,1,注文したものと違う商品が届きました。確認をしっかりお願いします。,2026-01-04
REV00209,TX00209,USER0319,PROD010,4,日常使いに十分な品質。価格も手頃で満足です。,2026-01-03
REV00210,TX00210,USER0243,PROD008,4,良い買い物でした。配送の速さも素晴らしい。,2026-01-17
REV00211,TX00211,USER0239,PROD017,2,商品が届いた時点で箱が潰れていました。中身は無事でしたが残念です。,2026-01-28
REV00212,TX00212,USER0086,PROD008,1,2回目の使用で故障。品質に疑問を感じます。,2026-02-17
REV00213,TX00213,USER0494,PROD020,1,2回目の使用で故障。品質に疑問を感じます。,2026-01-21
REV00214,TX00214,USER0014,PROD020,5,家族全員が気に入り、追加でもう1つ買いました。,2026-03-16
REV00215,TX00215,USER0465,PROD025,2,商品が届いた時点で箱が潰れていました。中身は無事でしたが残念です。,2026-03-28
REV00216,TX00216,USER0102,PROD005,3,可もなく不可もなく、無難な選択だったと思います。,2026-04-02
REV00217,TX00217,USER0426,PROD016,2,サイズが想像より小さく、返品を検討中です。説明をもっと詳しくしてほしい。,2026-03-30
REV00218,TX00218,USER0396,PROD020,5,家族全員が気に入り、追加でもう1つ買いました。,2026-03-31
REV00219,TX00219,USER0308,PROD008,2,購入後すぐに同じ商品がセールになっていて損した気分です。,2026-03-29
REV00220,TX00220,USER0401,PROD003,1,届いた商品が破損していました。すぐに返品手続きをしました。,2026-03-14
REV00221,TX00221,USER0220,PROD024,3,配送が予定より遅れて届きました。次回は改善をお願いします。,2026-03-10
REV00222,TX00222,USER0332,PROD022,5,友人へのプレゼントに購入しましたが、とても喜んでもらえました。,2026-03-06
REV00223,TX00223,USER0422,PROD032,5,商品の品質が期待以上で大満足です。配送も迅速でした。また利用します。,2026-02-23
REV00224,TX00224,USER0492,PROD024,5,家族全員が気に入り、追加でもう1つ買いました。,2026-02-25
REV00225,TX00225,USER0363,PROD010,2,期待していた機能が使えず、残念でした。,2026-02-28
REV00226,TX00226,USER0376,PROD034,4,サイズ展開がもっとあればもっと買いたい。,2026-01-23
REV00227,TX00227,USER0316,PROD035,2,匂いが強くて気になりました。もう少し抑えてほしい。,2026-02-04
REV00228,TX00228,USER0239,PROD028,1,2回目の使用で故障。品質に疑問を感じます。,2026-03-03
REV00229,TX00229,USER0304,PROD018,1,返品処理に2週間以上かかり、その間連絡もなくストレスでした。,2026-04-04
REV00230,TX00230,USER0426,PROD006,3,使用期間が短いのでまだ評価できません。,2026-02-01
REV00231,TX00231,USER0125,PROD030,4,商品自体は良いので、あとは価格がもう少し安ければ。,2026-02-27
REV00232,TX00232,USER0343,PROD025,2,商品が届いた時点で箱が潰れていました。中身は無事でしたが残念です。,2026-03-20
REV00233,TX00233,USER0254,PROD021,3,まあまあです。他の商品と比べて特筆する点はありません。,2026-01-04
REV00234,TX00234,USER0109,PROD023,4,思っていたより良い商品でした。次も買いたいです。,2026-03-04
REV00235,TX00235,USER0175,PROD018,1,カスタマーサポートの対応が遅く、不満です。,2026-02-03
REV00236,TX00236,USER0360,PROD018,5,カスタマーサポートの対応が丁寧で助かりました。,2026-03-18
REV00237,TX00237,USER0265,PROD013,4,定期便のサブスク割引があれば継続しやすいです。,2026-01-02
REV00238,TX00238,USER0369,PROD027,5,期待以上の素晴らしい商品でした。また購入したいと思います。,2026-01-31
REV00239,TX00239,USER0389,PROD016,4,ギフトラッピングのオプションがあると嬉しいです。,2026-03-13
REV00240,TX00240,USER0331,PROD032,2,使いづらく、すぐに使わなくなってしまいました。,2026-03-02
REV00241,TX00241,USER0048,PROD019,4,色のバリエーションを増やしてほしいです。,2026-01-03
REV00242,TX00242,USER0355,PROD016,4,全体的には満足。あと少し改良があれば完璧です。,2026-02-21
REV00243,TX00243,USER0298,PROD024,3,値段相応の商品だと思います。可もなく不可もなく。,2026-03-26
REV00244,TX00244,USER0272,PROD023,4,充電ケーブルも付属してくれると親切だと思います。,2026-03-12
REV00245,TX00245,USER0282,PROD022,4,サイズ展開がもっとあればもっと買いたい。,2026-04-06
REV00246,TX00246,USER0233,PROD018,3,配送が予定より遅れて届きました。次回は改善をお願いします。,2026-03-31
REV00247,TX00247,USER0119,PROD008,3,値段相応の商品だと思います。可もなく不可もなく。,2026-02-02
REV00248,TX00248,USER0162,PROD008,2,初期不良がありました。交換対応は迅速でしたが、品質管理の改善をお願いします。,2026-01-25
REV00249,TX00249,USER0487,PROD012,1,使用して1週間で壊れました。耐久性に問題があると思います。,2026-03-10
REV00250,TX00250,USER0379,PROD031,4,日常使いに十分な品質。価格も手頃で満足です。,2026-01-28
REV00251,TX00251,USER0302,PROD034,4,商品自体は良いので、あとは価格がもう少し安ければ。,2026-04-03
REV00252,TX00252,USER0052,PROD013,2,思っていた色と違いました。画像と実物の差が大きすぎます。,2026-02-06
REV00253,TX00253,USER0185,PROD012,3,普通の商品でした。特に良くも悪くもないです。,2026-01-30
REV00254,TX00254,USER0363,PROD035,3,値段相応の商品だと思います。可もなく不可もなく。,2026-01-02
REV00255,TX00255,USER0024,PROD004,5,丁寧な対応とスピーディーな発送に感動しました。,2026-02-05
REV00256,TX00256,USER0358,PROD009,4,定期便のサブスク割引があれば継続しやすいです。,2026-02-07
REV00257,TX00257,USER0252,PROD007,2,期待していた機能が使えず、残念でした。,2026-04-07
REV00258,TX00258,USER0294,PROD019,1,配送時に箱が開封された形跡がありました。セキュリティを強化してほしい。,2026-01-02
REV00259,TX00259,USER0226,PROD022,4,充電ケーブルも付属してくれると親切だと思います。,2026-03-03
REV00260,TX00260,USER0130,PROD031,4,思っていたより良い商品でした。次も買いたいです。,2026-01-07
REV00261,TX00261,USER0206,PROD032,5,写真よりも実物の方が綺麗で、買って正解でした。,2026-01-09
REV00262,TX00262,USER0323,PROD004,5,友人へのプレゼントに購入しましたが、とても喜んでもらえました。,2026-03-15
REV00263,TX00263,USER0416,PROD037,5,リピーターです。いつも品質が安定していて信頼できます。,2026-01-20
REV00264,TX00264,USER0044,PROD016,4,サイトが使いやすく、検索も簡単で買い物がスムーズ。,2026-02-08
REV00265,TX00265,USER0392,PROD027,5,写真よりも実物の方が綺麗で、買って正解でした。,2026-03-13
REV00266,TX00266,USER0405,PROD015,2,思っていた色と違いました。画像と実物の差が大きすぎます。,2026-03-18
REV00267,TX00267,USER0195,PROD029,1,2回目の使用で故障。品質に疑問を感じます。,2026-03-08
REV00268,TX00268,USER0153,PROD038,4,定期的にクーポンが届くので、継続的に利用しています。,2026-02-26
REV00269,TX00269,USER0292,PROD004,4,サイズ展開がもっとあればもっと買いたい。,2026-02-09
REV00270,TX00270,USER0051,PROD014,2,味が期待外れでした。他のブランドの方が美味しかったです。,2026-04-05
REV00271,TX00271,USER0136,PROD006,2,期待していた機能が使えず、残念でした。,2026-01-28
REV00272,TX00272,USER0089,PROD036,4,値段の割にクオリティが高く、コスパが素晴らしい。友人にもお勧めしました。,2026-01-31
REV00273,TX00273,USER0002,PROD027,5,友人へのプレゼントに購入しましたが、とても喜んでもらえました。,2026-01-21
REV00274,TX00274,USER0305,PROD031,4,色のバリエーションを増やしてほしいです。,2026-03-30
REV00275,TX00275,USER0119,PROD019,3,普通の商品でした。特に良くも悪くもないです。,2026-01-05
REV00276,TX00276,USER0360,PROD030,2,商品画像と実物の印象がかなり違います。,2026-02-06
REV00277,TX00277,USER0120,PROD017,5,友人へのプレゼントに購入しましたが、とても喜んでもらえました。,2026-03-29
REV00278,TX00278,USER0302,PROD013,1,届いた商品が破損していました。すぐに返品手続きをしました。,2026-03-22
REV00279,TX00279,USER0279,PROD015,4,サイズ展開がもっとあればもっと買いたい。,2026-01-15
REV00280,TX00280,USER0466,PROD018,2,匂いが強くて気になりました。もう少し抑えてほしい。,2026-01-20
REV00281,TX00281,USER0037,PROD004,1,返品処理に2週間以上かかり、その間連絡もなくストレスでした。,2026-01-19
REV00282,TX00282,USER0305,PROD037,4,値段の割にクオリティが高く、コスパが素晴らしい。友人にもお勧めしました。,2026-02-09
REV00283,TX00283,USER0225,PROD008,4,定期的にクーポンが届くので、継続的に利用しています。,2026-02-06
REV00284,TX00284,USER0156,PROD026,4,もう少し大きいサイズがあると家族でシェアできるので嬉しいです。,2026-03-30
REV00285,TX00285,USER0257,PROD035,4,サイトが使いやすく、検索も簡単で買い物がスムーズ。,2026-02-04
REV00286,TX00286,USER0042,PROD003,4,ギフトラッピングのオプションがあると嬉しいです。,2026-02-26
REV00287,TX00287,USER0377,PROD021,5,カスタマーサポートの対応が丁寧で助かりました。,2026-02-25
REV00288,TX00288,USER0014,PROD006,2,思っていた色と違いました。画像と実物の差が大きすぎます。,2026-02-02
REV00289,TX00289,USER0429,PROD037,4,全体的には満足。あと少し改良があれば完璧です。,2026-03-28
REV00290,TX00290,USER0392,PROD018,2,サイズが想像より小さく、返品を検討中です。説明をもっと詳しくしてほしい。,2026-01-03
REV00291,TX00291,USER0391,PROD012,2,商品が届いた時点で箱が潰れていました。中身は無事でしたが残念です。,2026-01-06
REV00292,TX00292,USER0334,PROD029,4,充電ケーブルも付属してくれると親切だと思います。,2026-03-08
REV00293,TX00293,USER0093,PROD038,4,定期的にクーポンが届くので、継続的に利用しています。,2026-02-05
REV00294,TX00294,USER0417,PROD032,4,サイズ展開がもっとあればもっと買いたい。,2026-03-23
REV00295,TX00295,USER0179,PROD027,5,期待以上の素晴らしい商品でした。また購入したいと思います。,2026-03-02
REV00296,TX00296,USER0344,PROD007,3,まあまあです。他の商品と比べて特筆する点はありません。,2026-02-11
REV00297,TX00297,USER0169,PROD027,2,購入後すぐに同じ商品がセールになっていて損した気分です。,2026-01-21
REV00298,TX00298,USER0148,PROD026,2,使いづらく、すぐに使わなくなってしまいました。,2026-03-05
REV00299,TX00299,USER0282,PROD003,1,返品処理に2週間以上かかり、その間連絡もなくストレスでした。,2026-04-08
REV00300,TX00300,USER0162,PROD017,4,もう少し大きいサイズがあると家族でシェアできるので嬉しいです。,2026-01-12
REV00301,TX00301,USER0497,PROD026,3,使用期間が短いのでまだ評価できません。,2026-01-15
REV00302,TX00302,USER0423,PROD001,1,配送時に箱が開封された形跡がありました。セキュリティを強化してほしい。,2026-03-07
REV00303,TX00303,USER0237,PROD027,2,組み立てが思ったより大変で、一人では難しかったです。,2026-03-11
REV00304,TX00304,USER0266,PROD024,5,梱包も丁寧で、商品に傷もなく、非常に満足しています。,2026-01-25
REV00305,TX00305,USER0256,PROD029,2,味が期待外れでした。他のブランドの方が美味しかったです。,2026-04-07
REV00306,TX00306,USER0105,PROD018,1,注文したものと違う商品が届きました。確認をしっかりお願いします。,2026-01-07
REV00307,TX00307,USER0475,PROD019,4,定期便のサブスク割引があれば継続しやすいです。,2026-01-17
REV00308,TX00308,USER0249,PROD008,4,色のバリエーションを増やしてほしいです。,2026-03-31
REV00309,TX00309,USER0312,PROD016,5,想像していた通りの商品で、使い心地も抜群でした。リピート確定です。,2026-03-22
REV00310,TX00310,USER0160,PROD036,2,商品画像と実物の印象がかなり違います。,2026-01-21
REV00311,TX00311,USER0209,PROD006,5,商品の品質が期待以上で大満足です。配送も迅速でした。また利用します。,2026-03-12
REV00312,TX00312,USER0237,PROD008,4,全体的には満足。あと少し改良があれば完璧です。,2026-01-15
REV00313,TX00313,USER0256,PROD019,2,匂いが強くて気になりました。もう少し抑えてほしい。,2026-01-20
REV00314,TX00314,USER0140,PROD027,3,アプリ連携機能があればもっと便利になりそう。,2026-04-01
REV00315,TX00315,USER0242,PROD016,1,商品の説明と異なる内容で、非常に残念です。,2026-03-03
REV00316,TX00316,USER0075,PROD025,4,もう少し大きいサイズがあると家族でシェアできるので嬉しいです。,2026-03-12
REV00317,TX00317,USER0261,PROD009,4,日常使いに十分な品質。価格も手頃で満足です。,2026-03-18
REV00318,TX00318,USER0142,PROD027,1,配送時に箱が開封された形跡がありました。セキュリティを強化してほしい。,2026-01-09
REV00319,TX00319,USER0260,PROD018,3,まあまあです。他の商品と比べて特筆する点はありません。,2026-04-11
REV00320,TX00320,USER0145,PROD020,1,返品処理に2週間以上かかり、その間連絡もなくストレスでした。,2026-01-01
REV00321,TX00321,USER0297,PROD032,1,商品の説明と異なる内容で、非常に残念です。,2026-03-17
REV00322,TX00322,USER0229,PROD035,1,配送時に箱が開封された形跡がありました。セキュリティを強化してほしい。,2026-01-20
REV00323,TX00323,USER0171,PROD036,4,充電ケーブルも付属してくれると親切だと思います。,2026-02-14
REV00324,TX00324,USER0194,PROD030,1,注文したものと違う商品が届きました。確認をしっかりお願いします。,2026-03-11
REV00325,TX00325,USER0446,PROD013,4,会員ランクが上がると特典が増えて嬉しいです。,2026-02-11
REV00326,TX00326,USER0293,PROD025,2,使いづらく、すぐに使わなくなってしまいました。,2026-01-31
REV00327,TX00327,USER0211,PROD003,4,全体的には満足。あと少し改良があれば完璧です。,2026-04-10
REV00328,TX00328,USER0243,PROD025,3,使用期間が短いのでまだ評価できません。,2026-04-06
REV00329,TX00329,USER0406,PROD010,3,思ったのと少し違いましたが、使えないことはないです。,2026-03-26
REV00330,TX00330,USER0065,PROD033,4,ギフトラッピングのオプションがあると嬉しいです。,2026-01-05
REV00331,TX00331,USER0446,PROD007,2,サイズが想像より小さく、返品を検討中です。説明をもっと詳しくしてほしい。,2026-02-12
REV00332,TX00332,USER0052,PROD034,1,配送時に箱が開封された形跡がありました。セキュリティを強化してほしい。,2026-02-26
REV00333,TX00333,USER0008,PROD010,4,定期的にクーポンが届くので、継続的に利用しています。,2026-02-28
REV00334,TX00334,USER0497,PROD010,4,商品は良いのですが、パッケージがもう少し環境に優しいと嬉しいです。,2026-03-25
REV00335,TX00335,USER0401,PROD017,5,友人へのプレゼントに購入しましたが、とても喜んでもらえました。,2026-03-02
REV00336,TX00336,USER0355,PROD026,3,まあまあです。他の商品と比べて特筆する点はありません。,2026-03-21
REV00337,TX00337,USER0437,PROD022,2,匂いが強くて気になりました。もう少し抑えてほしい。,2026-01-11
REV00338,TX00338,USER0440,PROD035,2,購入後すぐに同じ商品がセールになっていて損した気分です。,2026-03-28
REV00339,TX00339,USER0321,PROD032,3,思ったのと少し違いましたが、使えないことはないです。,2026-02-10
REV00340,TX00340,USER0019,PROD005,1,配送時に箱が開封された形跡がありました。セキュリティを強化してほしい。,2026-03-11
REV00341,TX00341,USER0351,PROD019,4,良い買い物でした。配送の速さも素晴らしい。,2026-03-22
REV00342,TX00342,USER0047,PROD028,4,全体的には満足。あと少し改良があれば完璧です。,2026-04-06
REV00343,TX00343,USER0325,PROD007,5,家族全員が気に入り、追加でもう1つ買いました。,2026-04-08
REV00344,TX00344,USER0356,PROD020,4,色のバリエーションを増やしてほしいです。,2026-01-22
REV00345,TX00345,USER0024,PROD021,5,問い合わせへの返信が迅速で、安心して購入できました。,2026-01-04
REV00346,TX00346,USER0151,PROD023,1,届いた商品が破損していました。すぐに返品手続きをしました。,2026-01-08
REV00347,TX00347,USER0075,PROD016,3,説明書が分かりにくかったので、動画マニュアルがあると助かります。,2026-02-25
REV00348,TX00348,USER0290,PROD012,3,説明動画がYouTubeにあると助かります。,2026-02-22
REV00349,TX00349,USER0041,PROD025,4,値段の割にクオリティが高く、コスパが素晴らしい。友人にもお勧めしました。,2026-01-23
REV00350,TX00350,USER0124,PROD032,2,味が期待外れでした。他のブランドの方が美味しかったです。,2026-03-29
REV00351,TX00351,USER0074,PROD015,4,定期的にクーポンが届くので、継続的に利用しています。,2026-03-16
REV00352,TX00352,USER0131,PROD030,4,もう少し大きいサイズがあると家族でシェアできるので嬉しいです。,2026-03-23
REV00353,TX00353,USER0005,PROD030,4,予想以上に良かったですが、期待していた機能が一部足りず星4つに。,2026-03-27
REV00354,TX00354,USER0347,PROD035,5,問い合わせへの返信が迅速で、安心して購入できました。,2026-02-06
REV00355,TX00355,USER0227,PROD023,4,値段の割にクオリティが高く、コスパが素晴らしい。友人にもお勧めしました。,2026-01-10
REV00356,TX00356,USER0328,PROD028,2,サイズが想像より小さく、返品を検討中です。説明をもっと詳しくしてほしい。,2026-02-08
REV00357,TX00357,USER0234,PROD020,2,使いづらく、すぐに使わなくなってしまいました。,2026-02-02
REV00358,TX00358,USER0437,PROD031,4,日常使いに十分な品質。価格も手頃で満足です。,2026-02-19
REV00359,TX00359,USER0196,PROD037,5,家族全員が気に入り、追加でもう1つ買いました。,2026-01-31
REV00360,TX00360,USER0152,PROD019,3,配送が予定より遅れて届きました。次回は改善をお願いします。,2026-03-15
REV00361,TX00361,USER0203,PROD018,5,想像していた通りの商品で、使い心地も抜群でした。リピート確定です。,2026-03-26
REV00362,TX00362,USER0443,PROD004,5,商品の品質が期待以上で大満足です。配送も迅速でした。また利用します。,2026-03-14
REV00363,TX00363,USER0382,PROD032,4,定期的にクーポンが届くので、継続的に利用しています。,2026-03-19
REV00364,TX00364,USER0398,PROD015,1,商品の説明と異なる内容で、非常に残念です。,2026-02-06
REV00365,TX00365,USER0113,PROD013,2,思っていた色と違いました。画像と実物の差が大きすぎます。,2026-02-15
REV00366,TX00366,USER0348,PROD009,2,味が期待外れでした。他のブランドの方が美味しかったです。,2026-02-02
REV00367,TX00367,USER0463,PROD003,2,期待していた機能が使えず、残念でした。,2026-01-13
REV00368,TX00368,USER0226,PROD003,3,値段相応の商品だと思います。可もなく不可もなく。,2026-04-11
REV00369,TX00369,USER0375,PROD009,2,サイズが想像より小さく、返品を検討中です。説明をもっと詳しくしてほしい。,2026-02-16
REV00370,TX00370,USER0168,PROD027,5,期待以上の素晴らしい商品でした。また購入したいと思います。,2026-02-07
REV00371,TX00371,USER0068,PROD035,4,思っていたより良い商品でした。次も買いたいです。,2026-01-26
REV00372,TX00372,USER0272,PROD033,5,カスタマーサポートの対応が丁寧で助かりました。,2026-02-16
REV00373,TX00373,USER0426,PROD011,4,定期的にクーポンが届くので、継続的に利用しています。,2026-02-04
REV00374,TX00374,USER0496,PROD019,4,予想以上に良かったですが、期待していた機能が一部足りず星4つに。,2026-03-03
REV00375,TX00375,USER0412,PROD008,1,使用して1週間で壊れました。耐久性に問題があると思います。,2026-02-13
REV00376,TX00376,USER0073,PROD015,4,もう少し大きいサイズがあると家族でシェアできるので嬉しいです。,2026-01-10
REV00377,TX00377,USER0371,PROD026,1,配送時に箱が開封された形跡がありました。セキュリティを強化してほしい。,2026-03-28
REV00378,TX00378,USER0188,PROD006,2,購入後すぐに同じ商品がセールになっていて損した気分です。,2026-03-13
REV00379,TX00379,USER0008,PROD017,1,届いた商品が破損していました。すぐに返品手続きをしました。,2026-02-20
REV00380,TX00380,USER0233,PROD024,3,箱が大きすぎるので、もっとコンパクトな梱包を希望します。,2026-01-16
REV00381,TX00381,USER0345,PROD017,2,思ったほど効果を感じられませんでした。,2026-04-06
REV00382,TX00382,USER0422,PROD024,2,サイズが想像より小さく、返品を検討中です。説明をもっと詳しくしてほしい。,2026-02-18
REV00383,TX00383,USER0120,PROD031,5,家族全員が気に入り、追加でもう1つ買いました。,2026-03-28
REV00384,TX00384,USER0453,PROD036,5,想像していた通りの商品で、使い心地も抜群でした。リピート確定です。,2026-03-21
REV00385,TX00385,USER0114,PROD005,3,使用期間が短いのでまだ評価できません。,2026-03-20
REV00386,TX00386,USER0466,PROD020,2,期待していた機能が使えず、残念でした。,2026-03-01
REV00387,TX00387,USER0060,PROD009,2,匂いが強くて気になりました。もう少し抑えてほしい。,2026-02-22
REV00388,TX00388,USER0156,PROD032,5,デザインが気に入りました。注文から到着まで早くて助かりました。,2026-01-05
REV00389,TX00389,USER0121,PROD035,5,写真よりも実物の方が綺麗で、買って正解でした。,2026-01-13
REV00390,TX00390,USER0233,PROD024,5,丁寧な対応とスピーディーな発送に感動しました。,2026-02-19
REV00391,TX00391,USER0357,PROD035,2,組み立てが思ったより大変で、一人では難しかったです。,2026-04-06
REV00392,TX00392,USER0381,PROD010,4,商品は良いのですが、パッケージがもう少し環境に優しいと嬉しいです。,2026-03-17
REV00393,TX00393,USER0336,PROD007,5,カスタマーサポートの対応が丁寧で助かりました。,2026-02-23
REV00394,TX00394,USER0316,PROD027,1,商品の説明と異なる内容で、非常に残念です。,2026-03-04
REV00395,TX00395,USER0017,PROD024,4,サイトが使いやすく、検索も簡単で買い物がスムーズ。,2026-02-05
REV00396,TX00396,USER0228,PROD016,4,デザインは気に入っていますが、少し重めなのが残念。,2026-02-26
REV00397,TX00397,USER0051,PROD024,2,購入後すぐに同じ商品がセールになっていて損した気分です。,2026-02-16
REV00398,TX00398,USER0184,PROD004,3,箱が大きすぎるので、もっとコンパクトな梱包を希望します。,2026-03-24
REV00399,TX00399,USER0098,PROD008,3,可もなく不可もなく、無難な選択だったと思います。,2026-02-05
REV00400,TX00400,USER0047,PROD014,4,サイトが使いやすく、検索も簡単で買い物がスムーズ。,2026-02-28
REV00401,TX00401,USER0306,PROD002,2,匂いが強くて気になりました。もう少し抑えてほしい。,2026-03-23
REV00402,TX00402,USER0171,PROD016,5,梱包も丁寧で、商品に傷もなく、非常に満足しています。,2026-04-11
REV00403,TX00403,USER0290,PROD014,5,丁寧な対応とスピーディーな発送に感動しました。,2026-04-11
REV00404,TX00404,USER0284,PROD014,5,友人へのプレゼントに購入しましたが、とても喜んでもらえました。,2026-04-08
REV00405,TX00405,USER0417,PROD015,2,サイズが想像より小さく、返品を検討中です。説明をもっと詳しくしてほしい。,2026-01-28
REV00406,TX00406,USER0076,PROD001,3,まあまあです。他の商品と比べて特筆する点はありません。,2026-04-10
REV00407,TX00407,USER0067,PROD035,4,商品自体は良いので、あとは価格がもう少し安ければ。,2026-01-19
REV00408,TX00408,USER0057,PROD002,4,予想以上に良かったですが、期待していた機能が一部足りず星4つに。,2026-01-23
REV00409,TX00409,USER0184,PROD016,5,丁寧な対応とスピーディーな発送に感動しました。,2026-01-02
REV00410,TX00410,USER0009,PROD012,2,サイズが想像より小さく、返品を検討中です。説明をもっと詳しくしてほしい。,2026-02-11
REV00411,TX00411,USER0065,PROD027,4,予想以上に良かったですが、期待していた機能が一部足りず星4つに。,2026-01-07
REV00412,TX00412,USER0382,PROD005,3,説明動画がYouTubeにあると助かります。,2026-01-15
REV00413,TX00413,USER0399,PROD024,4,充電ケーブルも付属してくれると親切だと思います。,2026-02-27
REV00414,TX00414,USER0056,PROD029,3,アプリ連携機能があればもっと便利になりそう。,2026-03-17
REV00415,TX00415,USER0485,PROD003,3,アプリ連携機能があればもっと便利になりそう。,2026-01-29
REV00416,TX00416,USER0466,PROD034,2,初期不良がありました。交換対応は迅速でしたが、品質管理の改善をお願いします。,2026-04-11
REV00417,TX00417,USER0330,PROD002,3,値段相応の商品だと思います。可もなく不可もなく。,2026-02-28
REV00418,TX00418,USER0434,PROD026,5,梱包も丁寧で、商品に傷もなく、非常に満足しています。,2026-03-03
REV00419,TX00419,USER0056,PROD032,4,サイズ展開がもっとあればもっと買いたい。,2026-03-29
REV00420,TX00420,USER0038,PROD006,2,商品画像と実物の印象がかなり違います。,2026-02-26
REV00421,TX00421,USER0076,PROD005,3,使用期間が短いのでまだ評価できません。,2026-03-19
REV00422,TX00422,USER0320,PROD038,5,丁寧な対応とスピーディーな発送に感動しました。,2026-02-05
REV00423,TX00423,USER0167,PROD025,4,定期便のサブスク割引があれば継続しやすいです。,2026-04-02
REV00424,TX00424,USER0151,PROD030,2,思っていた色と違いました。画像と実物の差が大きすぎます。,2026-03-09
REV00425,TX00425,USER0221,PROD007,3,アプリ連携機能があればもっと便利になりそう。,2026-03-19
REV00426,TX00426,USER0059,PROD036,1,届いた商品が破損していました。すぐに返品手続きをしました。,2026-03-31
REV00427,TX00427,USER0221,PROD029,2,初期不良がありました。交換対応は迅速でしたが、品質管理の改善をお願いします。,2026-01-28
REV00428,TX00428,USER0212,PROD022,5,カスタマーサポートの対応が丁寧で助かりました。,2026-01-30
REV00429,TX00429,USER0205,PROD027,1,返品処理に2週間以上かかり、その間連絡もなくストレスでした。,2026-02-28
REV00430,TX00430,USER0161,PROD028,2,初期不良がありました。交換対応は迅速でしたが、品質管理の改善をお願いします。,2026-01-13
REV00431,TX00431,USER0131,PROD024,3,使用期間が短いのでまだ評価できません。,2026-03-27
REV00432,TX00432,USER0473,PROD031,5,リピーターです。いつも品質が安定していて信頼できます。,2026-03-29
REV00433,TX00433,USER0426,PROD006,5,友人へのプレゼントに購入しましたが、とても喜んでもらえました。,2026-01-12
REV00434,TX00434,USER0050,PROD024,5,期待以上の素晴らしい商品でした。また購入したいと思います。,2026-02-25
REV00435,TX00435,USER0285,PROD004,1,カスタマーサポートの対応が遅く、不満です。,2026-01-17
REV00436,TX00436,USER0288,PROD022,2,サイズが想像より小さく、返品を検討中です。説明をもっと詳しくしてほしい。,2026-03-13
REV00437,TX00437,USER0211,PROD023,2,組み立てが思ったより大変で、一人では難しかったです。,2026-01-16
REV00438,TX00438,USER0482,PROD028,1,配送時に箱が開封された形跡がありました。セキュリティを強化してほしい。,2026-03-27
REV00439,TX00439,USER0027,PROD019,1,配送時に箱が開封された形跡がありました。セキュリティを強化してほしい。,2026-04-03
REV00440,TX00440,USER0181,PROD007,2,思っていた色と違いました。画像と実物の差が大きすぎます。,2026-02-09
REV00441,TX00441,USER0109,PROD010,2,商品が届いた時点で箱が潰れていました。中身は無事でしたが残念です。,2026-03-06
REV00442,TX00442,USER0115,PROD007,2,組み立てが思ったより大変で、一人では難しかったです。,2026-03-03
REV00443,TX00443,USER0189,PROD008,3,配送が予定より遅れて届きました。次回は改善をお願いします。,2026-03-13
REV00444,TX00444,USER0294,PROD015,1,注文したものと違う商品が届きました。確認をしっかりお願いします。,2026-02-05
REV00445,TX00445,USER0433,PROD036,1,カスタマーサポートの対応が遅く、不満です。,2026-02-24
REV00446,TX00446,USER0315,PROD036,1,2回目の使用で故障。品質に疑問を感じます。,2026-03-21
REV00447,TX00447,USER0476,PROD018,5,想像していた通りの商品で、使い心地も抜群でした。リピート確定です。,2026-03-19
REV00448,TX00448,USER0140,PROD020,5,想像していた通りの商品で、使い心地も抜群でした。リピート確定です。,2026-01-24
REV00449,TX00449,USER0180,PROD001,4,定期的にクーポンが届くので、継続的に利用しています。,2026-02-13
REV00450,TX00450,USER0290,PROD026,4,思っていたより良い商品でした。次も買いたいです。,2026-01-19
REV00451,TX00451,USER0380,PROD002,5,友人へのプレゼントに購入しましたが、とても喜んでもらえました。,2026-01-19
REV00452,TX00452,USER0272,PROD014,5,期待以上の素晴らしい商品でした。また購入したいと思います。,2026-04-06
REV00453,TX00453,USER0233,PROD022,3,思ったのと少し違いましたが、使えないことはないです。,2026-02-23
REV00454,TX00454,USER0160,PROD021,4,値段の割にクオリティが高く、コスパが素晴らしい。友人にもお勧めしました。,2026-02-17
REV00455,TX00455,USER0306,PROD006,1,2回目の使用で故障。品質に疑問を感じます。,2026-03-14
REV00456,TX00456,USER0080,PROD011,5,カスタマーサポートの対応が丁寧で助かりました。,2026-01-07
REV00457,TX00457,USER0026,PROD006,1,注文したものと違う商品が届きました。確認をしっかりお願いします。,2026-03-21
REV00458,TX00458,USER0339,PROD028,4,商品自体は良いので、あとは価格がもう少し安ければ。,2026-02-26
REV00459,TX00459,USER0227,PROD027,4,ギフトラッピングのオプションがあると嬉しいです。,2026-03-19
REV00460,TX00460,USER0387,PROD033,4,商品自体は良いので、あとは価格がもう少し安ければ。,2026-01-28
REV00461,TX00461,USER0221,PROD008,5,写真よりも実物の方が綺麗で、買って正解でした。,2026-02-14
REV00462,TX00462,USER0348,PROD038,3,普通の商品でした。特に良くも悪くもないです。,2026-03-28
REV00463,TX00463,USER0342,PROD020,4,ギフトラッピングのオプションがあると嬉しいです。,2026-03-09
REV00464,TX00464,USER0203,PROD004,5,デザインが気に入りました。注文から到着まで早くて助かりました。,2026-01-29
REV00465,TX00465,USER0155,PROD014,5,商品の品質が期待以上で大満足です。配送も迅速でした。また利用します。,2026-01-27
REV00466,TX00466,USER0392,PROD017,1,2回目の使用で故障。品質に疑問を感じます。,2026-01-18
REV00467,TX00467,USER0062,PROD001,3,普通の商品でした。特に良くも悪くもないです。,2026-02-11
REV00468,TX00468,USER0221,PROD012,4,ギフトラッピングのオプションがあると嬉しいです。,2026-04-06
REV00469,TX00469,USER0273,PROD015,5,丁寧な対応とスピーディーな発送に感動しました。,2026-02-18
REV00470,TX00470,USER0427,PROD023,3,アプリ連携機能があればもっと便利になりそう。,2026-03-13
REV00471,TX00471,USER0442,PROD003,5,友人へのプレゼントに購入しましたが、とても喜んでもらえました。,2026-02-20
REV00472,TX00472,USER0236,PROD005,4,サイズ展開がもっとあればもっと買いたい。,2026-01-03
REV00473,TX00473,USER0295,PROD028,1,配送時に箱が開封された形跡がありました。セキュリティを強化してほしい。,2026-02-10
REV00474,TX00474,USER0364,PROD027,2,商品が届いた時点で箱が潰れていました。中身は無事でしたが残念です。,2026-02-21
REV00475,TX00475,USER0208,PROD002,3,普通の商品でした。特に良くも悪くもないです。,2026-01-15
REV00476,TX00476,USER0411,PROD030,3,使用期間が短いのでまだ評価できません。,2026-01-22
REV00477,TX00477,USER0471,PROD024,1,商品の説明と異なる内容で、非常に残念です。,2026-03-30
REV00478,TX00478,USER0433,PROD007,5,期待以上の素晴らしい商品でした。また購入したいと思います。,2026-02-25
REV00479,TX00479,USER0302,PROD026,4,良い買い物でした。配送の速さも素晴らしい。,2026-02-25
REV00480,TX00480,USER0203,PROD020,3,説明動画がYouTubeにあると助かります。,2026-01-11
REV00481,TX00481,USER0114,PROD022,1,使用して1週間で壊れました。耐久性に問題があると思います。,2026-02-13
REV00482,TX00482,USER0040,PROD033,1,2回目の使用で故障。品質に疑問を感じます。,2026-01-22
REV00483,TX00483,USER0272,PROD033,2,期待していた機能が使えず、残念でした。,2026-01-15
REV00484,TX00484,USER0179,PROD023,4,日常使いに十分な品質。価格も手頃で満足です。,2026-04-10
REV00485,TX00485,USER0418,PROD010,2,初期不良がありました。交換対応は迅速でしたが、品質管理の改善をお願いします。,2026-03-24
REV00486,TX00486,USER0075,PROD017,4,良い買い物でした。配送の速さも素晴らしい。,2026-01-14
REV00487,TX00487,USER0309,PROD010,4,日常使いに十分な品質。価格も手頃で満足です。,2026-01-23
REV00488,TX00488,USER0336,PROD005,1,注文したものと違う商品が届きました。確認をしっかりお願いします。,2026-04-08
REV00489,TX00489,USER0322,PROD032,4,思っていたより良い商品でした。次も買いたいです。,2026-04-09
REV00490,TX00490,USER0289,PROD038,4,もう少し大きいサイズがあると家族でシェアできるので嬉しいです。,2026-04-07
REV00491,TX00491,USER0474,PROD037,4,色のバリエーションを増やしてほしいです。,2026-03-29
REV00492,TX00492,USER0320,PROD021,2,匂いが強くて気になりました。もう少し抑えてほしい。,2026-03-23
REV00493,TX00493,USER0162,PROD010,1,配送時に箱が開封された形跡がありました。セキュリティを強化してほしい。,2026-03-22
REV00494,TX00494,USER0241,PROD029,4,色のバリエーションを増やしてほしいです。,2026-01-09
REV00495,TX00495,USER0408,PROD018,2,期待していた機能が使えず、残念でした。,2026-02-08
REV00496,TX00496,USER0181,PROD033,2,サイズが想像より小さく、返品を検討中です。説明をもっと詳しくしてほしい。,2026-01-08
REV00497,TX00497,USER0237,PROD029,5,友人へのプレゼントに購入しましたが、とても喜んでもらえました。,2026-02-09
REV00498,TX00498,USER0189,PROD019,5,デザインが気に入りました。注文から到着まで早くて助かりました。,2026-01-08
REV00499,TX00499,USER0443,PROD006,5,友人へのプレゼントに購入しましたが、とても喜んでもらえました。,2026-03-24
REV00500,TX00500,USER0260,PROD025,2,味が期待外れでした。他のブランドの方が美味しかったです。,2026-03-18
REV00501,TX00501,USER0284,PROD003,4,もう少し大きいサイズがあると家族でシェアできるので嬉しいです。,2026-03-16
REV00502,TX00502,USER0334,PROD013,4,色のバリエーションを増やしてほしいです。,2026-03-15
REV00503,TX00503,USER0244,PROD033,3,使用期間が短いのでまだ評価できません。,2026-03-19
REV00504,TX00504,USER0231,PROD007,5,リピーターです。いつも品質が安定していて信頼できます。,2026-01-08
REV00505,TX00505,USER0366,PROD006,1,カスタマーサポートの対応が遅く、不満です。,2026-02-13
REV00506,TX00506,USER0089,PROD003,3,アプリ連携機能があればもっと便利になりそう。,2026-03-24
REV00507,TX00507,USER0225,PROD029,4,良い買い物でした。配送の速さも素晴らしい。,2026-04-01
REV00508,TX00508,USER0313,PROD011,3,説明動画がYouTubeにあると助かります。,2026-03-08
REV00509,TX00509,USER0470,PROD019,3,説明書が分かりにくかったので、動画マニュアルがあると助かります。,2026-02-17
REV00510,TX00510,USER0397,PROD022,3,思ったのと少し違いましたが、使えないことはないです。,2026-02-22
REV00511,TX00511,USER0027,PROD022,2,思ったほど効果を感じられませんでした。,2026-03-18
REV00512,TX00512,USER0049,PROD036,5,友人へのプレゼントに購入しましたが、とても喜んでもらえました。,2026-02-12
REV00513,TX00513,USER0146,PROD017,2,思ったほど効果を感じられませんでした。,2026-02-19
REV00514,TX00514,USER0494,PROD010,2,初期不良がありました。交換対応は迅速でしたが、品質管理の改善をお願いします。,2026-03-26
REV00515,TX00515,USER0299,PROD010,3,まあまあです。他の商品と比べて特筆する点はありません。,2026-01-11
REV00516,TX00516,USER0159,PROD026,4,定期的にクーポンが届くので、継続的に利用しています。,2026-02-14
REV00517,TX00517,USER0363,PROD006,5,丁寧な対応とスピーディーな発送に感動しました。,2026-03-18
REV00518,TX00518,USER0193,PROD022,3,値段相応の商品だと思います。可もなく不可もなく。,2026-03-13
REV00519,TX00519,USER0344,PROD034,1,返品処理に2週間以上かかり、その間連絡もなくストレスでした。,2026-01-17
REV00520,TX00520,USER0344,PROD028,5,期待以上の素晴らしい商品でした。また購入したいと思います。,2026-03-24
REV00521,TX00521,USER0010,PROD024,3,アプリ連携機能があればもっと便利になりそう。,2026-02-16
REV00522,TX00522,USER0487,PROD014,3,値段相応の商品だと思います。可もなく不可もなく。,2026-01-24
REV00523,TX00523,USER0249,PROD013,3,まあまあです。他の商品と比べて特筆する点はありません。,2026-04-09
REV00524,TX00524,USER0080,PROD005,4,全体的には満足。あと少し改良があれば完璧です。,2026-01-18
REV00525,TX00525,USER0052,PROD033,3,普通の商品でした。特に良くも悪くもないです。,2026-04-11
REV00526,TX00526,USER0428,PROD034,1,2回目の使用で故障。品質に疑問を感じます。,2026-03-11
REV00527,TX00527,USER0173,PROD009,5,デザインが気に入りました。注文から到着まで早くて助かりました。,2026-03-26
REV00528,TX00528,USER0079,PROD011,2,思っていた色と違いました。画像と実物の差が大きすぎます。,2026-02-18
REV00529,TX00529,USER0395,PROD011,4,思っていたより良い商品でした。次も買いたいです。,2026-03-30
REV00530,TX00530,USER0023,PROD027,2,初期不良がありました。交換対応は迅速でしたが、品質管理の改善をお願いします。,2026-02-26
REV00531,TX00531,USER0369,PROD016,3,説明書が分かりにくかったので、動画マニュアルがあると助かります。,2026-03-28
REV00532,TX00532,USER0146,PROD029,4,色のバリエーションを増やしてほしいです。,2026-03-20
REV00533,TX00533,USER0123,PROD020,4,全体的には満足。あと少し改良があれば完璧です。,2026-03-10
REV00534,TX00534,USER0241,PROD013,1,カスタマーサポートの対応が遅く、不満です。,2026-04-11
REV00535,TX00535,USER0485,PROD037,3,説明書が分かりにくかったので、動画マニュアルがあると助かります。,2026-03-28
REV00536,TX00536,USER0394,PROD019,4,色のバリエーションを増やしてほしいです。,2026-03-01
REV00537,TX00537,USER0258,PROD034,1,2回目の使用で故障。品質に疑問を感じます。,2026-02-18
REV00538,TX00538,USER0419,PROD013,4,商品は良いのですが、パッケージがもう少し環境に優しいと嬉しいです。,2026-01-21
REV00539,TX00539,USER0071,PROD017,1,カスタマーサポートの対応が遅く、不満です。,2026-03-19
REV00540,TX00540,USER0247,PROD024,5,梱包も丁寧で、商品に傷もなく、非常に満足しています。,2026-03-24
REV00541,TX00541,USER0365,PROD034,4,定期便のサブスク割引があれば継続しやすいです。,2026-01-14
REV00542,TX00542,USER0146,PROD006,2,購入後すぐに同じ商品がセールになっていて損した気分です。,2026-01-16
REV00543,TX00543,USER0140,PROD029,1,注文したものと違う商品が届きました。確認をしっかりお願いします。,2026-01-21
REV00544,TX00544,USER0076,PROD028,5,問い合わせへの返信が迅速で、安心して購入できました。,2026-03-07
REV00545,TX00545,USER0419,PROD029,5,期待以上の素晴らしい商品でした。また購入したいと思います。,2026-01-29
REV00546,TX00546,USER0477,PROD002,5,カスタマーサポートの対応が丁寧で助かりました。,2026-02-14
REV00547,TX00547,USER0203,PROD033,4,商品は良いのですが、パッケージがもう少し環境に優しいと嬉しいです。,2026-01-07
REV00548,TX00548,USER0198,PROD006,3,説明書が分かりにくかったので、動画マニュアルがあると助かります。,2026-01-31
REV00549,TX00549,USER0015,PROD021,3,説明書が分かりにくかったので、動画マニュアルがあると助かります。,2026-01-29
REV00550,TX00550,USER0430,PROD022,4,会員ランクが上がると特典が増えて嬉しいです。,2026-01-13
REV00551,TX00551,USER0071,PROD003,1,届いた商品が破損していました。すぐに返品手続きをしました。,2026-01-19
REV00552,TX00552,USER0357,PROD009,3,普通の商品でした。特に良くも悪くもないです。,2026-03-02
REV00553,TX00553,USER0241,PROD029,1,注文したものと違う商品が届きました。確認をしっかりお願いします。,2026-04-01
REV00554,TX00554,USER0464,PROD006,2,味が期待外れでした。他のブランドの方が美味しかったです。,2026-01-01
REV00555,TX00555,USER0111,PROD010,5,想像していた通りの商品で、使い心地も抜群でした。リピート確定です。,2026-02-02
REV00556,TX00556,USER0312,PROD034,4,定期便のサブスク割引があれば継続しやすいです。,2026-04-04
REV00557,TX00557,USER0398,PROD019,4,サイズ展開がもっとあればもっと買いたい。,2026-01-15
REV00558,TX00558,USER0063,PROD004,4,良い買い物でした。配送の速さも素晴らしい。,2026-02-08
REV00559,TX00559,USER0328,PROD030,4,良い買い物でした。配送の速さも素晴らしい。,2026-02-23
REV00560,TX00560,USER0429,PROD032,5,友人へのプレゼントに購入しましたが、とても喜んでもらえました。,2026-01-15
REV00561,TX00561,USER0009,PROD033,2,思っていた色と違いました。画像と実物の差が大きすぎます。,2026-03-10
REV00562,TX00562,USER0368,PROD010,2,商品が届いた時点で箱が潰れていました。中身は無事でしたが残念です。,2026-01-31
REV00563,TX00563,USER0001,PROD023,3,普通の商品でした。特に良くも悪くもないです。,2026-02-24
REV00564,TX00564,USER0214,PROD012,4,良い買い物でした。配送の速さも素晴らしい。,2026-03-15
REV00565,TX00565,USER0044,PROD034,2,組み立てが思ったより大変で、一人では難しかったです。,2026-03-27
REV00566,TX00566,USER0489,PROD034,3,説明書が分かりにくかったので、動画マニュアルがあると助かります。,2026-01-09
REV00567,TX00567,USER0403,PROD033,3,箱が大きすぎるので、もっとコンパクトな梱包を希望します。,2026-03-06
REV00568,TX00568,USER0200,PROD031,4,定期便のサブスク割引があれば継続しやすいです。,2026-01-03
REV00569,TX00569,USER0199,PROD024,5,デザインが気に入りました。注文から到着まで早くて助かりました。,2026-03-23
REV00570,TX00570,USER0009,PROD023,4,予想以上に良かったですが、期待していた機能が一部足りず星4つに。,2026-04-06
REV00571,TX00571,USER0177,PROD016,1,届いた商品が破損していました。すぐに返品手続きをしました。,2026-01-09
REV00572,TX00572,USER0322,PROD007,2,初期不良がありました。交換対応は迅速でしたが、品質管理の改善をお願いします。,2026-03-26
REV00573,TX00573,USER0377,PROD022,1,2回目の使用で故障。品質に疑問を感じます。,2026-03-16
REV00574,TX00574,USER0181,PROD035,5,丁寧な対応とスピーディーな発送に感動しました。,2026-01-06
REV00575,TX00575,USER0090,PROD030,3,まあまあです。他の商品と比べて特筆する点はありません。,2026-03-24
REV00576,TX00576,USER0324,PROD012,2,使いづらく、すぐに使わなくなってしまいました。,2026-03-03
REV00577,TX00577,USER0033,PROD030,1,カスタマーサポートの対応が遅く、不満です。,2026-01-18
REV00578,TX00578,USER0104,PROD003,5,デザインが気に入りました。注文から到着まで早くて助かりました。,2026-02-07
REV00579,TX00579,USER0454,PROD003,1,届いた商品が破損していました。すぐに返品手続きをしました。,2026-01-26
REV00580,TX00580,USER0264,PROD026,3,使用期間が短いのでまだ評価できません。,2026-02-09
REV00581,TX00581,USER0243,PROD017,1,返品処理に2週間以上かかり、その間連絡もなくストレスでした。,2026-03-11
REV00582,TX00582,USER0332,PROD013,5,デザインが気に入りました。注文から到着まで早くて助かりました。,2026-04-07
REV00583,TX00583,USER0442,PROD004,3,普通の商品でした。特に良くも悪くもないです。,2026-02-15
REV00584,TX00584,USER0170,PROD018,1,配送時に箱が開封された形跡がありました。セキュリティを強化してほしい。,2026-03-25
REV00585,TX00585,USER0224,PROD026,5,写真よりも実物の方が綺麗で、買って正解でした。,2026-02-17
REV00586,TX00586,USER0459,PROD025,1,使用して1週間で壊れました。耐久性に問題があると思います。,2026-02-26
REV00587,TX00587,USER0255,PROD032,3,まあまあです。他の商品と比べて特筆する点はありません。,2026-01-24
REV00588,TX00588,USER0137,PROD006,3,説明書が分かりにくかったので、動画マニュアルがあると助かります。,2026-03-08
REV00589,TX00589,USER0041,PROD028,2,初期不良がありました。交換対応は迅速でしたが、品質管理の改善をお願いします。,2026-02-24
REV00590,TX00590,USER0280,PROD019,2,思っていた色と違いました。画像と実物の差が大きすぎます。,2026-01-24
REV00591,TX00591,USER0041,PROD021,3,使用期間が短いのでまだ評価できません。,2026-01-14
REV00592,TX00592,USER0157,PROD029,2,組み立てが思ったより大変で、一人では難しかったです。,2026-02-07
REV00593,TX00593,USER0219,PROD011,2,思っていた色と違いました。画像と実物の差が大きすぎます。,2026-04-02
REV00594,TX00594,USER0180,PROD029,2,使いづらく、すぐに使わなくなってしまいました。,2026-02-26
REV00595,TX00595,USER0446,PROD023,5,デザインが気に入りました。注文から到着まで早くて助かりました。,2026-04-04
REV00596,TX00596,USER0141,PROD004,2,味が期待外れでした。他のブランドの方が美味しかったです。,2026-02-25
REV00597,TX00597,USER0327,PROD026,5,友人へのプレゼントに購入しましたが、とても喜んでもらえました。,2026-03-27
REV00598,TX00598,USER0411,PROD011,3,説明書が分かりにくかったので、動画マニュアルがあると助かります。,2026-03-07
REV00599,TX00599,USER0074,PROD029,4,サイトが使いやすく、検索も簡単で買い物がスムーズ。,2026-01-04
REV00600,TX00600,USER0035,PROD016,5,デザインが気に入りました。注文から到着まで早くて助かりました。,2026-01-17
REV00601,TX00601,USER0188,PROD024,1,2回目の使用で故障。品質に疑問を感じます。,2026-03-24
REV00602,TX00602,USER0017,PROD010,3,思ったのと少し違いましたが、使えないことはないです。,2026-03-14
REV00603,TX00603,USER0486,PROD024,2,思ったほど効果を感じられませんでした。,2026-02-27
REV00604,TX00604,USER0391,PROD005,3,説明書が分かりにくかったので、動画マニュアルがあると助かります。,2026-02-26
REV00605,TX00605,USER0272,PROD024,2,商品が届いた時点で箱が潰れていました。中身は無事でしたが残念です。,2026-01-18
REV00606,TX00606,USER0333,PROD018,3,可もなく不可もなく、無難な選択だったと思います。,2026-02-10
REV00607,TX00607,USER0014,PROD012,4,良い買い物でした。配送の速さも素晴らしい。,2026-01-15
REV00608,TX00608,USER0199,PROD036,4,ギフトラッピングのオプションがあると嬉しいです。,2026-03-08
REV00609,TX00609,USER0397,PROD017,5,写真よりも実物の方が綺麗で、買って正解でした。,2026-02-03
REV00610,TX00610,USER0110,PROD019,2,商品画像と実物の印象がかなり違います。,2026-02-27
REV00611,TX00611,USER0103,PROD008,2,使いづらく、すぐに使わなくなってしまいました。,2026-03-04
REV00612,TX00612,USER0232,PROD012,5,丁寧な対応とスピーディーな発送に感動しました。,2026-01-10
REV00613,TX00613,USER0228,PROD006,5,問い合わせへの返信が迅速で、安心して購入できました。,2026-04-02
REV00614,TX00614,USER0496,PROD021,1,カスタマーサポートの対応が遅く、不満です。,2026-03-29
REV00615,TX00615,USER0364,PROD005,2,組み立てが思ったより大変で、一人では難しかったです。,2026-02-14
REV00616,TX00616,USER0149,PROD020,4,定期便のサブスク割引があれば継続しやすいです。,2026-03-11
REV00617,TX00617,USER0365,PROD012,2,購入後すぐに同じ商品がセールになっていて損した気分です。,2026-01-21
REV00618,TX00618,USER0261,PROD015,1,届いた商品が破損していました。すぐに返品手続きをしました。,2026-02-16
REV00619,TX00619,USER0406,PROD009,5,写真よりも実物の方が綺麗で、買って正解でした。,2026-01-26
REV00620,TX00620,USER0014,PROD024,4,良い買い物でした。配送の速さも素晴らしい。,2026-03-05
REV00621,TX00621,USER0189,PROD030,4,定期便のサブスク割引があれば継続しやすいです。,2026-03-15
REV00622,TX00622,USER0067,PROD006,1,カスタマーサポートの対応が遅く、不満です。,2026-03-12
REV00623,TX00623,USER0204,PROD031,5,友人へのプレゼントに購入しましたが、とても喜んでもらえました。,2026-02-09
REV00624,TX00624,USER0394,PROD027,3,説明動画がYouTubeにあると助かります。,2026-02-22
REV00625,TX00625,USER0038,PROD009,1,返品処理に2週間以上かかり、その間連絡もなくストレスでした。,2026-03-15
REV00626,TX00626,USER0038,PROD029,3,使用期間が短いのでまだ評価できません。,2026-03-24
REV00627,TX00627,USER0265,PROD023,4,もう少し大きいサイズがあると家族でシェアできるので嬉しいです。,2026-03-29
REV00628,TX00628,USER0283,PROD038,5,丁寧な対応とスピーディーな発送に感動しました。,2026-04-10
REV00629,TX00629,USER0495,PROD009,4,思っていたより良い商品でした。次も買いたいです。,2026-04-09
REV00630,TX00630,USER0467,PROD004,4,サイズ展開がもっとあればもっと買いたい。,2026-03-06
REV00631,TX00631,USER0266,PROD010,1,商品の説明と異なる内容で、非常に残念です。,2026-01-16
REV00632,TX00632,USER0083,PROD021,3,値段相応の商品だと思います。可もなく不可もなく。,2026-01-22
REV00633,TX00633,USER0116,PROD023,4,会員ランクが上がると特典が増えて嬉しいです。,2026-04-01
REV00634,TX00634,USER0459,PROD019,4,サイトが使いやすく、検索も簡単で買い物がスムーズ。,2026-03-08
REV00635,TX00635,USER0129,PROD013,2,購入後すぐに同じ商品がセールになっていて損した気分です。,2026-01-11
REV00636,TX00636,USER0141,PROD009,2,期待していた機能が使えず、残念でした。,2026-03-12
REV00637,TX00637,USER0315,PROD035,2,期待していた機能が使えず、残念でした。,2026-02-08
REV00638,TX00638,USER0329,PROD011,5,期待以上の素晴らしい商品でした。また購入したいと思います。,2026-03-06
REV00639,TX00639,USER0079,PROD011,2,サイズが想像より小さく、返品を検討中です。説明をもっと詳しくしてほしい。,2026-03-16
REV00640,TX00640,USER0369,PROD022,2,組み立てが思ったより大変で、一人では難しかったです。,2026-03-21
REV00641,TX00641,USER0022,PROD002,1,商品の説明と異なる内容で、非常に残念です。,2026-03-14
REV00642,TX00642,USER0486,PROD037,5,期待以上の素晴らしい商品でした。また購入したいと思います。,2026-01-06
REV00643,TX00643,USER0108,PROD037,4,予想以上に良かったですが、期待していた機能が一部足りず星4つに。,2026-03-25
REV00644,TX00644,USER0328,PROD002,4,商品は良いのですが、パッケージがもう少し環境に優しいと嬉しいです。,2026-03-21
REV00645,TX00645,USER0280,PROD019,4,ギフトラッピングのオプションがあると嬉しいです。,2026-03-22
REV00646,TX00646,USER0248,PROD016,2,匂いが強くて気になりました。もう少し抑えてほしい。,2026-02-08
REV00647,TX00647,USER0208,PROD020,1,カスタマーサポートの対応が遅く、不満です。,2026-03-29
REV00648,TX00648,USER0353,PROD004,4,もう少し大きいサイズがあると家族でシェアできるので嬉しいです。,2026-01-10
REV00649,TX00649,USER0213,PROD031,4,値段の割にクオリティが高く、コスパが素晴らしい。友人にもお勧めしました。,2026-02-26
REV00650,TX00650,USER0175,PROD010,4,もう少し大きいサイズがあると家族でシェアできるので嬉しいです。,2026-01-27
REV00651,TX00651,USER0164,PROD023,3,使用期間が短いのでまだ評価できません。,2026-04-02
REV00652,TX00652,USER0390,PROD024,3,可もなく不可もなく、無難な選択だったと思います。,2026-01-17
REV00653,TX00653,USER0055,PROD021,3,アプリ連携機能があればもっと便利になりそう。,2026-03-13
REV00654,TX00654,USER0063,PROD018,4,良い買い物でした。配送の速さも素晴らしい。,2026-03-01
REV00655,TX00655,USER0073,PROD007,4,色のバリエーションを増やしてほしいです。,2026-02-01
REV00656,TX00656,USER0485,PROD025,5,梱包も丁寧で、商品に傷もなく、非常に満足しています。,2026-02-07
REV00657,TX00657,USER0215,PROD016,1,配送時に箱が開封された形跡がありました。セキュリティを強化してほしい。,2026-03-20
REV00658,TX00658,USER0417,PROD021,1,配送時に箱が開封された形跡がありました。セキュリティを強化してほしい。,2026-01-21
REV00659,TX00659,USER0370,PROD021,4,会員ランクが上がると特典が増えて嬉しいです。,2026-03-15
REV00660,TX00660,USER0082,PROD032,4,日常使いに十分な品質。価格も手頃で満足です。,2026-04-08
REV00661,TX00661,USER0256,PROD020,3,アプリ連携機能があればもっと便利になりそう。,2026-03-01
REV00662,TX00662,USER0047,PROD026,4,ギフトラッピングのオプションがあると嬉しいです。,2026-01-03
REV00663,TX00663,USER0495,PROD016,3,アプリ連携機能があればもっと便利になりそう。,2026-02-28
REV00664,TX00664,USER0181,PROD004,4,デザインは気に入っていますが、少し重めなのが残念。,2026-03-16
REV00665,TX00665,USER0254,PROD031,5,梱包も丁寧で、商品に傷もなく、非常に満足しています。,2026-02-06
REV00666,TX00666,USER0005,PROD007,3,普通の商品でした。特に良くも悪くもないです。,2026-03-10
REV00667,TX00667,USER0452,PROD017,4,サイズ展開がもっとあればもっと買いたい。,2026-01-18
REV00668,TX00668,USER0392,PROD026,2,初期不良がありました。交換対応は迅速でしたが、品質管理の改善をお願いします。,2026-02-16
REV00669,TX00669,USER0206,PROD004,3,説明書が分かりにくかったので、動画マニュアルがあると助かります。,2026-01-06
REV00670,TX00670,USER0100,PROD024,2,商品が届いた時点で箱が潰れていました。中身は無事でしたが残念です。,2026-03-13
REV00671,TX00671,USER0038,PROD025,4,定期便のサブスク割引があれば継続しやすいです。,2026-02-06
REV00672,TX00672,USER0392,PROD036,3,アプリ連携機能があればもっと便利になりそう。,2026-02-27
REV00673,TX00673,USER0349,PROD008,4,商品自体は良いので、あとは価格がもう少し安ければ。,2026-03-21
REV00674,TX00674,USER0202,PROD024,5,丁寧な対応とスピーディーな発送に感動しました。,2026-01-13
REV00675,TX00675,USER0286,PROD024,1,届いた商品が破損していました。すぐに返品手続きをしました。,2026-02-13
REV00676,TX00676,USER0102,PROD033,1,注文したものと違う商品が届きました。確認をしっかりお願いします。,2026-01-19
REV00677,TX00677,USER0021,PROD003,3,可もなく不可もなく、無難な選択だったと思います。,2026-03-06
REV00678,TX00678,USER0366,PROD022,5,デザインが気に入りました。注文から到着まで早くて助かりました。,2026-01-18
REV00679,TX00679,USER0266,PROD030,1,カスタマーサポートの対応が遅く、不満です。,2026-03-02
REV00680,TX00680,USER0458,PROD033,5,リピーターです。いつも品質が安定していて信頼できます。,2026-03-19
REV00681,TX00681,USER0477,PROD021,5,丁寧な対応とスピーディーな発送に感動しました。,2026-02-11
REV00682,TX00682,USER0316,PROD020,4,値段の割にクオリティが高く、コスパが素晴らしい。友人にもお勧めしました。,2026-02-20
REV00683,TX00683,USER0260,PROD033,2,サイズが想像より小さく、返品を検討中です。説明をもっと詳しくしてほしい。,2026-02-13
REV00684,TX00684,USER0363,PROD037,3,箱が大きすぎるので、もっとコンパクトな梱包を希望します。,2026-03-04
REV00685,TX00685,USER0418,PROD002,3,値段相応の商品だと思います。可もなく不可もなく。,2026-03-02
REV00686,TX00686,USER0345,PROD008,3,説明書が分かりにくかったので、動画マニュアルがあると助かります。,2026-02-12
REV00687,TX00687,USER0158,PROD002,4,商品は良いのですが、パッケージがもう少し環境に優しいと嬉しいです。,2026-03-16
REV00688,TX00688,USER0136,PROD038,2,思っていた色と違いました。画像と実物の差が大きすぎます。,2026-03-02
REV00689,TX00689,USER0370,PROD004,2,商品が届いた時点で箱が潰れていました。中身は無事でしたが残念です。,2026-01-30
REV00690,TX00690,USER0088,PROD034,2,サイズが想像より小さく、返品を検討中です。説明をもっと詳しくしてほしい。,2026-03-03
REV00691,TX00691,USER0318,PROD025,2,期待していた機能が使えず、残念でした。,2026-04-03
REV00692,TX00692,USER0125,PROD003,5,リピーターです。いつも品質が安定していて信頼できます。,2026-03-29
REV00693,TX00693,USER0057,PROD013,2,商品が届いた時点で箱が潰れていました。中身は無事でしたが残念です。,2026-03-31
REV00694,TX00694,USER0161,PROD027,5,想像していた通りの商品で、使い心地も抜群でした。リピート確定です。,2026-02-26
REV00695,TX00695,USER0354,PROD014,5,リピーターです。いつも品質が安定していて信頼できます。,2026-02-22
REV00696,TX00696,USER0397,PROD031,4,商品は良いのですが、パッケージがもう少し環境に優しいと嬉しいです。,2026-03-06
REV00697,TX00697,USER0373,PROD004,1,配送時に箱が開封された形跡がありました。セキュリティを強化してほしい。,2026-04-05
REV00698,TX00698,USER0266,PROD014,2,商品画像と実物の印象がかなり違います。,2026-01-18
REV00699,TX00699,USER0340,PROD031,4,定期便のサブスク割引があれば継続しやすいです。,2026-02-11
REV00700,TX00700,USER0161,PROD012,3,説明動画がYouTubeにあると助かります。,2026-02-18
REV00701,TX00701,USER0176,PROD035,4,もう少し大きいサイズがあると家族でシェアできるので嬉しいです。,2026-03-10
REV00702,TX00702,USER0396,PROD017,3,配送が予定より遅れて届きました。次回は改善をお願いします。,2026-03-28
REV00703,TX00703,USER0099,PROD016,2,味が期待外れでした。他のブランドの方が美味しかったです。,2026-03-03
REV00704,TX00704,USER0153,PROD015,4,商品自体は良いので、あとは価格がもう少し安ければ。,2026-03-13
REV00705,TX00705,USER0395,PROD019,4,サイトが使いやすく、検索も簡単で買い物がスムーズ。,2026-02-08
REV00706,TX00706,USER0354,PROD032,2,商品画像と実物の印象がかなり違います。,2026-01-27
REV00707,TX00707,USER0179,PROD036,3,使用期間が短いのでまだ評価できません。,2026-03-03
REV00708,TX00708,USER0141,PROD019,4,会員ランクが上がると特典が増えて嬉しいです。,2026-04-03
REV00709,TX00709,USER0347,PROD035,5,写真よりも実物の方が綺麗で、買って正解でした。,2026-03-15
REV00710,TX00710,USER0420,PROD023,3,思ったのと少し違いましたが、使えないことはないです。,2026-02-20
REV00711,TX00711,USER0149,PROD003,1,2回目の使用で故障。品質に疑問を感じます。,2026-01-19
REV00712,TX00712,USER0041,PROD023,3,普通の商品でした。特に良くも悪くもないです。,2026-04-02
REV00713,TX00713,USER0336,PROD017,4,会員ランクが上がると特典が増えて嬉しいです。,2026-02-26
REV00714,TX00714,USER0110,PROD013,1,使用して1週間で壊れました。耐久性に問題があると思います。,2026-03-03
REV00715,TX00715,USER0139,PROD036,1,返品処理に2週間以上かかり、その間連絡もなくストレスでした。,2026-03-10
REV00716,TX00716,USER0071,PROD007,2,使いづらく、すぐに使わなくなってしまいました。,2026-02-04
REV00717,TX00717,USER0301,PROD016,2,味が期待外れでした。他のブランドの方が美味しかったです。,2026-04-05
REV00718,TX00718,USER0343,PROD034,4,良い買い物でした。配送の速さも素晴らしい。,2026-01-07
REV00719,TX00719,USER0120,PROD004,4,全体的には満足。あと少し改良があれば完璧です。,2026-03-23
REV00720,TX00720,USER0170,PROD031,5,家族全員が気に入り、追加でもう1つ買いました。,2026-02-22
REV00721,TX00721,USER0395,PROD009,5,家族全員が気に入り、追加でもう1つ買いました。,2026-03-29
REV00722,TX00722,USER0476,PROD011,5,商品の品質が期待以上で大満足です。配送も迅速でした。また利用します。,2026-03-12
REV00723,TX00723,USER0479,PROD031,4,商品は良いのですが、パッケージがもう少し環境に優しいと嬉しいです。,2026-03-25
REV00724,TX00724,USER0103,PROD019,4,充電ケーブルも付属してくれると親切だと思います。,2026-03-25
REV00725,TX00725,USER0331,PROD004,3,使用期間が短いのでまだ評価できません。,2026-02-06
REV00726,TX00726,USER0046,PROD037,4,定期的にクーポンが届くので、継続的に利用しています。,2026-04-09
REV00727,TX00727,USER0379,PROD003,4,全体的には満足。あと少し改良があれば完璧です。,2026-03-10
REV00728,TX00728,USER0214,PROD012,4,定期的にクーポンが届くので、継続的に利用しています。,2026-01-23
REV00729,TX00729,USER0429,PROD026,4,会員ランクが上がると特典が増えて嬉しいです。,2026-01-05
REV00730,TX00730,USER0096,PROD019,1,届いた商品が破損していました。すぐに返品手続きをしました。,2026-03-05
REV00731,TX00731,USER0005,PROD020,5,カスタマーサポートの対応が丁寧で助かりました。,2026-01-05
REV00732,TX00732,USER0055,PROD022,2,商品が届いた時点で箱が潰れていました。中身は無事でしたが残念です。,2026-03-19
REV00733,TX00733,USER0329,PROD035,3,普通の商品でした。特に良くも悪くもないです。,2026-02-28
REV00734,TX00734,USER0456,PROD009,3,説明動画がYouTubeにあると助かります。,2026-03-05
REV00735,TX00735,USER0240,PROD018,2,購入後すぐに同じ商品がセールになっていて損した気分です。,2026-03-06
REV00736,TX00736,USER0170,PROD011,4,日常使いに十分な品質。価格も手頃で満足です。,2026-01-15
REV00737,TX00737,USER0332,PROD017,2,初期不良がありました。交換対応は迅速でしたが、品質管理の改善をお願いします。,2026-02-28
REV00738,TX00738,USER0008,PROD022,2,商品画像と実物の印象がかなり違います。,2026-01-24
REV00739,TX00739,USER0291,PROD013,1,届いた商品が破損していました。すぐに返品手続きをしました。,2026-02-07
REV00740,TX00740,USER0439,PROD026,4,思っていたより良い商品でした。次も買いたいです。,2026-03-20
REV00741,TX00741,USER0264,PROD021,1,返品処理に2週間以上かかり、その間連絡もなくストレスでした。,2026-02-24
REV00742,TX00742,USER0343,PROD007,5,期待以上の素晴らしい商品でした。また購入したいと思います。,2026-02-21
REV00743,TX00743,USER0245,PROD021,4,思っていたより良い商品でした。次も買いたいです。,2026-01-18
REV00744,TX00744,USER0004,PROD017,4,会員ランクが上がると特典が増えて嬉しいです。,2026-02-01
REV00745,TX00745,USER0229,PROD018,3,思ったのと少し違いましたが、使えないことはないです。,2026-01-31
REV00746,TX00746,USER0299,PROD037,3,まあまあです。他の商品と比べて特筆する点はありません。,2026-02-08
REV00747,TX00747,USER0335,PROD024,5,商品の品質が期待以上で大満足です。配送も迅速でした。また利用します。,2026-02-03
REV00748,TX00748,USER0032,PROD008,2,使いづらく、すぐに使わなくなってしまいました。,2026-01-31
REV00749,TX00749,USER0082,PROD026,4,もう少し大きいサイズがあると家族でシェアできるので嬉しいです。,2026-02-09
REV00750,TX00750,USER0473,PROD020,2,思ったほど効果を感じられませんでした。,2026-03-06
REV00751,TX00751,USER0328,PROD019,2,使いづらく、すぐに使わなくなってしまいました。,2026-01-16
REV00752,TX00752,USER0114,PROD015,3,説明書が分かりにくかったので、動画マニュアルがあると助かります。,2026-03-20
REV00753,TX00753,USER0079,PROD030,5,丁寧な対応とスピーディーな発送に感動しました。,2026-03-03
REV00754,TX00754,USER0192,PROD027,1,使用して1週間で壊れました。耐久性に問題があると思います。,2026-03-19
REV00755,TX00755,USER0468,PROD031,2,使いづらく、すぐに使わなくなってしまいました。,2026-03-12
REV00756,TX00756,USER0411,PROD014,1,注文したものと違う商品が届きました。確認をしっかりお願いします。,2026-03-10
REV00757,TX00757,USER0349,PROD006,1,注文したものと違う商品が届きました。確認をしっかりお願いします。,2026-02-01
REV00758,TX00758,USER0271,PROD024,3,説明動画がYouTubeにあると助かります。,2026-02-27
REV00759,TX00759,USER0058,PROD004,5,友人へのプレゼントに購入しましたが、とても喜んでもらえました。,2026-03-14
REV00760,TX00760,USER0463,PROD033,1,商品の説明と異なる内容で、非常に残念です。,2026-03-12
REV00761,TX00761,USER0275,PROD010,4,日常使いに十分な品質。価格も手頃で満足です。,2026-03-15
REV00762,TX00762,USER0438,PROD034,4,値段の割にクオリティが高く、コスパが素晴らしい。友人にもお勧めしました。,2026-02-11
REV00763,TX00763,USER0349,PROD014,4,色のバリエーションを増やしてほしいです。,2026-01-15
REV00764,TX00764,USER0251,PROD006,2,商品画像と実物の印象がかなり違います。,2026-03-16
REV00765,TX00765,USER0229,PROD004,5,問い合わせへの返信が迅速で、安心して購入できました。,2026-03-07
REV00766,TX00766,USER0263,PROD027,4,もう少し大きいサイズがあると家族でシェアできるので嬉しいです。,2026-01-17
REV00767,TX00767,USER0030,PROD036,4,もう少し大きいサイズがあると家族でシェアできるので嬉しいです。,2026-03-14
REV00768,TX00768,USER0414,PROD020,4,もう少し大きいサイズがあると家族でシェアできるので嬉しいです。,2026-03-28
REV00769,TX00769,USER0203,PROD017,2,初期不良がありました。交換対応は迅速でしたが、品質管理の改善をお願いします。,2026-01-03
REV00770,TX00770,USER0382,PROD014,1,返品処理に2週間以上かかり、その間連絡もなくストレスでした。,2026-01-01
REV00771,TX00771,USER0024,PROD028,2,サイズが想像より小さく、返品を検討中です。説明をもっと詳しくしてほしい。,2026-01-10
REV00772,TX00772,USER0033,PROD035,3,配送が予定より遅れて届きました。次回は改善をお願いします。,2026-03-31
REV00773,TX00773,USER0479,PROD031,5,梱包も丁寧で、商品に傷もなく、非常に満足しています。,2026-01-09
REV00774,TX00774,USER0210,PROD012,5,デザインが気に入りました。注文から到着まで早くて助かりました。,2026-02-06
REV00775,TX00775,USER0393,PROD027,1,2回目の使用で故障。品質に疑問を感じます。,2026-01-18
REV00776,TX00776,USER0230,PROD025,3,説明書が分かりにくかったので、動画マニュアルがあると助かります。,2026-02-18
REV00777,TX00777,USER0350,PROD035,3,思ったのと少し違いましたが、使えないことはないです。,2026-01-11
REV00778,TX00778,USER0441,PROD023,5,丁寧な対応とスピーディーな発送に感動しました。,2026-03-25
REV00779,TX00779,USER0276,PROD026,5,写真よりも実物の方が綺麗で、買って正解でした。,2026-01-23
REV00780,TX00780,USER0373,PROD015,3,説明動画がYouTubeにあると助かります。,2026-01-17
REV00781,TX00781,USER0388,PROD002,1,商品の説明と異なる内容で、非常に残念です。,2026-01-01
REV00782,TX00782,USER0345,PROD035,3,値段相応の商品だと思います。可もなく不可もなく。,2026-03-01
REV00783,TX00783,USER0195,PROD015,4,サイズ展開がもっとあればもっと買いたい。,2026-03-10
REV00784,TX00784,USER0178,PROD010,4,良い買い物でした。配送の速さも素晴らしい。,2026-02-28
REV00785,TX00785,USER0480,PROD008,4,商品自体は良いので、あとは価格がもう少し安ければ。,2026-01-25
REV00786,TX00786,USER0215,PROD002,5,デザインが気に入りました。注文から到着まで早くて助かりました。,2026-03-26
REV00787,TX00787,USER0035,PROD007,4,良い買い物でした。配送の速さも素晴らしい。,2026-01-27
REV00788,TX00788,USER0229,PROD004,2,思っていた色と違いました。画像と実物の差が大きすぎます。,2026-01-05
REV00789,TX00789,USER0023,PROD026,4,良い買い物でした。配送の速さも素晴らしい。,2026-04-05
REV00790,TX00790,USER0277,PROD014,4,色のバリエーションを増やしてほしいです。,2026-01-30
REV00791,TX00791,USER0029,PROD009,1,注文したものと違う商品が届きました。確認をしっかりお願いします。,2026-04-10
REV00792,TX00792,USER0120,PROD037,3,アプリ連携機能があればもっと便利になりそう。,2026-02-07
REV00793,TX00793,USER0307,PROD021,3,使用期間が短いのでまだ評価できません。,2026-03-15
REV00794,TX00794,USER0449,PROD010,4,良い買い物でした。配送の速さも素晴らしい。,2026-02-08
REV00795,TX00795,USER0114,PROD027,2,組み立てが思ったより大変で、一人では難しかったです。,2026-03-08
REV00796,TX00796,USER0032,PROD036,3,値段相応の商品だと思います。可もなく不可もなく。,2026-02-05
REV00797,TX00797,USER0451,PROD012,4,サイトが使いやすく、検索も簡単で買い物がスムーズ。,2026-03-17
REV00798,TX00798,USER0219,PROD036,2,期待していた機能が使えず、残念でした。,2026-03-28
REV00799,TX00799,USER0498,PROD023,4,ギフトラッピングのオプションがあると嬉しいです。,2026-01-07
REV00800,TX00800,USER0344,PROD025,4,サイトが使いやすく、検索も簡単で買い物がスムーズ。,2026-03-24
REV00801,TX00801,USER0164,PROD027,1,届いた商品が破損していました。すぐに返品手続きをしました。,2026-03-09
REV00802,TX00802,USER0154,PROD025,4,商品は良いのですが、パッケージがもう少し環境に優しいと嬉しいです。,2026-01-20
REV00803,TX00803,USER0276,PROD031,4,思っていたより良い商品でした。次も買いたいです。,2026-04-07
REV00804,TX00804,USER0154,PROD010,4,良い買い物でした。配送の速さも素晴らしい。,2026-01-29
REV00805,TX00805,USER0469,PROD004,1,カスタマーサポートの対応が遅く、不満です。,2026-03-01
REV00806,TX00806,USER0496,PROD027,4,定期便のサブスク割引があれば継続しやすいです。,2026-02-22
REV00807,TX00807,USER0069,PROD025,4,定期便のサブスク割引があれば継続しやすいです。,2026-03-09
REV00808,TX00808,USER0105,PROD022,4,良い買い物でした。配送の速さも素晴らしい。,2026-02-02
REV00809,TX00809,USER0473,PROD029,2,匂いが強くて気になりました。もう少し抑えてほしい。,2026-01-11
REV00810,TX00810,USER0048,PROD035,2,購入後すぐに同じ商品がセールになっていて損した気分です。,2026-02-17
REV00811,TX00811,USER0027,PROD018,2,初期不良がありました。交換対応は迅速でしたが、品質管理の改善をお願いします。,2026-01-25
REV00812,TX00812,USER0310,PROD003,3,思ったのと少し違いましたが、使えないことはないです。,2026-03-28
REV00813,TX00813,USER0097,PROD038,1,配送時に箱が開封された形跡がありました。セキュリティを強化してほしい。,2026-01-10
REV00814,TX00814,USER0287,PROD014,2,初期不良がありました。交換対応は迅速でしたが、品質管理の改善をお願いします。,2026-03-27
REV00815,TX00815,USER0446,PROD022,4,充電ケーブルも付属してくれると親切だと思います。,2026-01-27
REV00816,TX00816,USER0109,PROD013,3,値段相応の商品だと思います。可もなく不可もなく。,2026-01-02
REV00817,TX00817,USER0383,PROD031,1,使用して1週間で壊れました。耐久性に問題があると思います。,2026-01-16
REV00818,TX00818,USER0357,PROD014,4,定期的にクーポンが届くので、継続的に利用しています。,2026-02-01
REV00819,TX00819,USER0283,PROD021,3,可もなく不可もなく、無難な選択だったと思います。,2026-01-31
REV00820,TX00820,USER0195,PROD030,1,2回目の使用で故障。品質に疑問を感じます。,2026-02-06
REV00821,TX00821,USER0184,PROD020,3,箱が大きすぎるので、もっとコンパクトな梱包を希望します。,2026-03-25
REV00822,TX00822,USER0263,PROD032,4,予想以上に良かったですが、期待していた機能が一部足りず星4つに。,2026-02-16
REV00823,TX00823,USER0412,PROD031,4,もう少し大きいサイズがあると家族でシェアできるので嬉しいです。,2026-01-13
REV00824,TX00824,USER0469,PROD014,1,注文したものと違う商品が届きました。確認をしっかりお願いします。,2026-02-10
REV00825,TX00825,USER0212,PROD003,3,説明書が分かりにくかったので、動画マニュアルがあると助かります。,2026-02-10
REV00826,TX00826,USER0380,PROD010,2,商品が届いた時点で箱が潰れていました。中身は無事でしたが残念です。,2026-01-29
REV00827,TX00827,USER0284,PROD038,5,想像していた通りの商品で、使い心地も抜群でした。リピート確定です。,2026-02-03
REV00828,TX00828,USER0214,PROD019,2,サイズが想像より小さく、返品を検討中です。説明をもっと詳しくしてほしい。,2026-04-03
REV00829,TX00829,USER0169,PROD015,5,リピーターです。いつも品質が安定していて信頼できます。,2026-01-26
REV00830,TX00830,USER0427,PROD016,3,思ったのと少し違いましたが、使えないことはないです。,2026-03-14
REV00831,TX00831,USER0336,PROD022,4,ギフトラッピングのオプションがあると嬉しいです。,2026-03-12
REV00832,TX00832,USER0421,PROD032,4,予想以上に良かったですが、期待していた機能が一部足りず星4つに。,2026-04-08
REV00833,TX00833,USER0379,PROD032,2,初期不良がありました。交換対応は迅速でしたが、品質管理の改善をお願いします。,2026-03-24
REV00834,TX00834,USER0376,PROD023,4,もう少し大きいサイズがあると家族でシェアできるので嬉しいです。,2026-01-22
REV00835,TX00835,USER0369,PROD035,4,値段の割にクオリティが高く、コスパが素晴らしい。友人にもお勧めしました。,2026-01-18
REV00836,TX00836,USER0470,PROD035,4,ギフトラッピングのオプションがあると嬉しいです。,2026-01-24
REV00837,TX00837,USER0269,PROD003,2,匂いが強くて気になりました。もう少し抑えてほしい。,2026-01-08
REV00838,TX00838,USER0484,PROD004,1,商品の説明と異なる内容で、非常に残念です。,2026-01-10
REV00839,TX00839,USER0212,PROD009,1,注文したものと違う商品が届きました。確認をしっかりお願いします。,2026-01-01
REV00840,TX00840,USER0119,PROD005,1,商品の説明と異なる内容で、非常に残念です。,2026-03-22
REV00841,TX00841,USER0005,PROD014,2,商品画像と実物の印象がかなり違います。,2026-01-20
REV00842,TX00842,USER0192,PROD004,3,アプリ連携機能があればもっと便利になりそう。,2026-02-28
REV00843,TX00843,USER0342,PROD031,2,味が期待外れでした。他のブランドの方が美味しかったです。,2026-03-23
REV00844,TX00844,USER0009,PROD001,2,組み立てが思ったより大変で、一人では難しかったです。,2026-03-04
REV00845,TX00845,USER0211,PROD001,3,箱が大きすぎるので、もっとコンパクトな梱包を希望します。,2026-03-12
REV00846,TX00846,USER0370,PROD018,5,想像していた通りの商品で、使い心地も抜群でした。リピート確定です。,2026-03-09
REV00847,TX00847,USER0009,PROD033,3,箱が大きすぎるので、もっとコンパクトな梱包を希望します。,2026-02-06
REV00848,TX00848,USER0346,PROD028,1,返品処理に2週間以上かかり、その間連絡もなくストレスでした。,2026-03-31
REV00849,TX00849,USER0055,PROD007,1,カスタマーサポートの対応が遅く、不満です。,2026-01-23
REV00850,TX00850,USER0124,PROD013,3,説明動画がYouTubeにあると助かります。,2026-01-20
REV00851,TX00851,USER0130,PROD023,2,味が期待外れでした。他のブランドの方が美味しかったです。,2026-03-09
REV00852,TX00852,USER0041,PROD024,4,商品自体は良いので、あとは価格がもう少し安ければ。,2026-02-20
REV00853,TX00853,USER0290,PROD016,3,可もなく不可もなく、無難な選択だったと思います。,2026-02-28
REV00854,TX00854,USER0154,PROD006,2,使いづらく、すぐに使わなくなってしまいました。,2026-01-29
REV00855,TX00855,USER0389,PROD003,2,匂いが強くて気になりました。もう少し抑えてほしい。,2026-03-25
REV00856,TX00856,USER0195,PROD025,5,期待以上の素晴らしい商品でした。また購入したいと思います。,2026-02-21
REV00857,TX00857,USER0029,PROD001,4,定期便のサブスク割引があれば継続しやすいです。,2026-03-02
REV00858,TX00858,USER0043,PROD032,2,使いづらく、すぐに使わなくなってしまいました。,2026-01-22
REV00859,TX00859,USER0331,PROD022,2,購入後すぐに同じ商品がセールになっていて損した気分です。,2026-02-25
REV00860,TX00860,USER0459,PROD034,2,商品が届いた時点で箱が潰れていました。中身は無事でしたが残念です。,2026-01-13
REV00861,TX00861,USER0118,PROD014,4,定期的にクーポンが届くので、継続的に利用しています。,2026-01-06
REV00862,TX00862,USER0455,PROD037,5,問い合わせへの返信が迅速で、安心して購入できました。,2026-03-30
REV00863,TX00863,USER0024,PROD005,4,充電ケーブルも付属してくれると親切だと思います。,2026-02-04
REV00864,TX00864,USER0461,PROD035,2,思ったほど効果を感じられませんでした。,2026-02-05
REV00865,TX00865,USER0017,PROD012,2,商品が届いた時点で箱が潰れていました。中身は無事でしたが残念です。,2026-03-26
REV00866,TX00866,USER0009,PROD014,4,会員ランクが上がると特典が増えて嬉しいです。,2026-02-10
REV00867,TX00867,USER0386,PROD026,2,サイズが想像より小さく、返品を検討中です。説明をもっと詳しくしてほしい。,2026-01-19
REV00868,TX00868,USER0154,PROD011,4,会員ランクが上がると特典が増えて嬉しいです。,2026-01-10
REV00869,TX00869,USER0291,PROD025,2,商品が届いた時点で箱が潰れていました。中身は無事でしたが残念です。,2026-01-31
REV00870,TX00870,USER0170,PROD025,2,思ったほど効果を感じられませんでした。,2026-03-11
REV00871,TX00871,USER0072,PROD006,1,注文したものと違う商品が届きました。確認をしっかりお願いします。,2026-04-05
REV00872,TX00872,USER0499,PROD023,3,アプリ連携機能があればもっと便利になりそう。,2026-04-06
REV00873,TX00873,USER0224,PROD015,5,梱包も丁寧で、商品に傷もなく、非常に満足しています。,2026-01-13
REV00874,TX00874,USER0175,PROD026,1,商品の説明と異なる内容で、非常に残念です。,2026-01-10
REV00875,TX00875,USER0016,PROD018,1,2回目の使用で故障。品質に疑問を感じます。,2026-02-11
REV00876,TX00876,USER0252,PROD015,1,届いた商品が破損していました。すぐに返品手続きをしました。,2026-02-27
REV00877,TX00877,USER0482,PROD025,3,配送が予定より遅れて届きました。次回は改善をお願いします。,2026-03-12
REV00878,TX00878,USER0349,PROD038,4,サイズ展開がもっとあればもっと買いたい。,2026-01-24
REV00879,TX00879,USER0044,PROD019,2,組み立てが思ったより大変で、一人では難しかったです。,2026-02-18
REV00880,TX00880,USER0366,PROD005,1,カスタマーサポートの対応が遅く、不満です。,2026-02-01
REV00881,TX00881,USER0079,PROD025,5,期待以上の素晴らしい商品でした。また購入したいと思います。,2026-02-04
REV00882,TX00882,USER0325,PROD010,2,商品画像と実物の印象がかなり違います。,2026-04-11
REV00883,TX00883,USER0163,PROD024,1,使用して1週間で壊れました。耐久性に問題があると思います。,2026-02-19
REV00884,TX00884,USER0003,PROD020,5,家族全員が気に入り、追加でもう1つ買いました。,2026-01-12
REV00885,TX00885,USER0390,PROD018,4,色のバリエーションを増やしてほしいです。,2026-02-16
REV00886,TX00886,USER0045,PROD012,5,家族全員が気に入り、追加でもう1つ買いました。,2026-01-17
REV00887,TX00887,USER0286,PROD036,4,サイズ展開がもっとあればもっと買いたい。,2026-02-27
REV00888,TX00888,USER0053,PROD002,3,アプリ連携機能があればもっと便利になりそう。,2026-02-22
REV00889,TX00889,USER0284,PROD006,5,期待以上の素晴らしい商品でした。また購入したいと思います。,2026-02-15
REV00890,TX00890,USER0402,PROD021,2,思っていた色と違いました。画像と実物の差が大きすぎます。,2026-03-18
REV00891,TX00891,USER0007,PROD019,1,配送時に箱が開封された形跡がありました。セキュリティを強化してほしい。,2026-02-19
REV00892,TX00892,USER0399,PROD006,4,商品は良いのですが、パッケージがもう少し環境に優しいと嬉しいです。,2026-02-19
REV00893,TX00893,USER0464,PROD016,2,初期不良がありました。交換対応は迅速でしたが、品質管理の改善をお願いします。,2026-03-13
REV00894,TX00894,USER0087,PROD025,2,商品が届いた時点で箱が潰れていました。中身は無事でしたが残念です。,2026-03-08
REV00895,TX00895,USER0138,PROD020,4,値段の割にクオリティが高く、コスパが素晴らしい。友人にもお勧めしました。,2026-01-18
REV00896,TX00896,USER0075,PROD005,4,商品自体は良いので、あとは価格がもう少し安ければ。,2026-03-05
REV00897,TX00897,USER0142,PROD027,4,値段の割にクオリティが高く、コスパが素晴らしい。友人にもお勧めしました。,2026-02-25
REV00898,TX00898,USER0401,PROD005,3,値段相応の商品だと思います。可もなく不可もなく。,2026-03-03
REV00899,TX00899,USER0484,PROD016,3,説明書が分かりにくかったので、動画マニュアルがあると助かります。,2026-02-02
REV00900,TX00900,USER0254,PROD013,2,初期不良がありました。交換対応は迅速でしたが、品質管理の改善をお願いします。,2026-03-22
REV00901,TX00901,USER0070,PROD020,4,もう少し大きいサイズがあると家族でシェアできるので嬉しいです。,2026-01-14
REV00902,TX00902,USER0171,PROD025,5,商品の品質が期待以上で大満足です。配送も迅速でした。また利用します。,2026-02-20
REV00903,TX00903,USER0226,PROD022,1,カスタマーサポートの対応が遅く、不満です。,2026-02-12
REV00904,TX00904,USER0499,PROD009,4,サイズ展開がもっとあればもっと買いたい。,2026-03-25
REV00905,TX00905,USER0309,PROD013,3,値段相応の商品だと思います。可もなく不可もなく。,2026-02-11
REV00906,TX00906,USER0091,PROD026,4,充電ケーブルも付属してくれると親切だと思います。,2026-02-10
REV00907,TX00907,USER0377,PROD032,3,使用期間が短いのでまだ評価できません。,2026-02-07
REV00908,TX00908,USER0125,PROD021,2,商品が届いた時点で箱が潰れていました。中身は無事でしたが残念です。,2026-04-11
REV00909,TX00909,USER0419,PROD026,3,思ったのと少し違いましたが、使えないことはないです。,2026-02-05
REV00910,TX00910,USER0478,PROD037,3,説明書が分かりにくかったので、動画マニュアルがあると助かります。,2026-01-15
REV00911,TX00911,USER0280,PROD012,4,日常使いに十分な品質。価格も手頃で満足です。,2026-03-17
REV00912,TX00912,USER0282,PROD002,2,思ったほど効果を感じられませんでした。,2026-04-09
REV00913,TX00913,USER0237,PROD014,4,サイトが使いやすく、検索も簡単で買い物がスムーズ。,2026-04-04
REV00914,TX00914,USER0426,PROD005,4,色のバリエーションを増やしてほしいです。,2026-02-07
REV00915,TX00915,USER0345,PROD032,1,返品処理に2週間以上かかり、その間連絡もなくストレスでした。,2026-02-22
REV00916,TX00916,USER0156,PROD016,5,丁寧な対応とスピーディーな発送に感動しました。,2026-03-23
REV00917,TX00917,USER0079,PROD028,4,予想以上に良かったですが、期待していた機能が一部足りず星4つに。,2026-03-26
REV00918,TX00918,USER0038,PROD029,1,届いた商品が破損していました。すぐに返品手続きをしました。,2026-02-18
REV00919,TX00919,USER0299,PROD026,2,思っていた色と違いました。画像と実物の差が大きすぎます。,2026-03-03
REV00920,TX00920,USER0473,PROD027,3,箱が大きすぎるので、もっとコンパクトな梱包を希望します。,2026-03-06
REV00921,TX00921,USER0405,PROD024,3,箱が大きすぎるので、もっとコンパクトな梱包を希望します。,2026-01-05
REV00922,TX00922,USER0305,PROD006,2,使いづらく、すぐに使わなくなってしまいました。,2026-03-10
REV00923,TX00923,USER0128,PROD023,5,家族全員が気に入り、追加でもう1つ買いました。,2026-04-09
REV00924,TX00924,USER0314,PROD003,4,値段の割にクオリティが高く、コスパが素晴らしい。友人にもお勧めしました。,2026-03-24
REV00925,TX00925,USER0347,PROD026,2,商品が届いた時点で箱が潰れていました。中身は無事でしたが残念です。,2026-03-24
REV00926,TX00926,USER0495,PROD028,1,注文したものと違う商品が届きました。確認をしっかりお願いします。,2026-02-12
REV00927,TX00927,USER0051,PROD017,5,家族全員が気に入り、追加でもう1つ買いました。,2026-01-02
REV00928,TX00928,USER0383,PROD034,4,全体的には満足。あと少し改良があれば完璧です。,2026-03-07
REV00929,TX00929,USER0353,PROD037,4,定期便のサブスク割引があれば継続しやすいです。,2026-03-16
REV00930,TX00930,USER0192,PROD026,4,全体的には満足。あと少し改良があれば完璧です。,2026-02-27
REV00931,TX00931,USER0348,PROD038,4,もう少し大きいサイズがあると家族でシェアできるので嬉しいです。,2026-04-09
REV00932,TX00932,USER0078,PROD023,2,使いづらく、すぐに使わなくなってしまいました。,2026-03-06
REV00933,TX00933,USER0054,PROD019,5,想像していた通りの商品で、使い心地も抜群でした。リピート確定です。,2026-03-03
REV00934,TX00934,USER0060,PROD010,4,商品は良いのですが、パッケージがもう少し環境に優しいと嬉しいです。,2026-01-11
REV00935,TX00935,USER0176,PROD030,3,配送が予定より遅れて届きました。次回は改善をお願いします。,2026-02-09
REV00936,TX00936,USER0267,PROD031,1,届いた商品が破損していました。すぐに返品手続きをしました。,2026-01-27
REV00937,TX00937,USER0050,PROD029,3,配送が予定より遅れて届きました。次回は改善をお願いします。,2026-03-02
REV00938,TX00938,USER0232,PROD021,2,初期不良がありました。交換対応は迅速でしたが、品質管理の改善をお願いします。,2026-03-31
REV00939,TX00939,USER0023,PROD008,5,友人へのプレゼントに購入しましたが、とても喜んでもらえました。,2026-02-08
REV00940,TX00940,USER0332,PROD007,5,想像していた通りの商品で、使い心地も抜群でした。リピート確定です。,2026-02-13
REV00941,TX00941,USER0477,PROD016,2,思ったほど効果を感じられませんでした。,2026-01-22
REV00942,TX00942,USER0283,PROD011,3,説明動画がYouTubeにあると助かります。,2026-01-23
REV00943,TX00943,USER0219,PROD030,3,まあまあです。他の商品と比べて特筆する点はありません。,2026-03-13
REV00944,TX00944,USER0323,PROD012,4,全体的には満足。あと少し改良があれば完璧です。,2026-02-21
REV00945,TX00945,USER0337,PROD028,4,思っていたより良い商品でした。次も買いたいです。,2026-03-23
REV00946,TX00946,USER0378,PROD013,3,可もなく不可もなく、無難な選択だったと思います。,2026-01-04
REV00947,TX00947,USER0220,PROD025,4,色のバリエーションを増やしてほしいです。,2026-03-17
REV00948,TX00948,USER0110,PROD014,5,商品の品質が期待以上で大満足です。配送も迅速でした。また利用します。,2026-04-01
REV00949,TX00949,USER0361,PROD005,4,商品自体は良いので、あとは価格がもう少し安ければ。,2026-04-07
REV00950,TX00950,USER0410,PROD035,2,商品が届いた時点で箱が潰れていました。中身は無事でしたが残念です。,2026-01-14
REV00951,TX00951,USER0167,PROD013,4,思っていたより良い商品でした。次も買いたいです。,2026-02-16
REV00952,TX00952,USER0135,PROD032,4,もう少し大きいサイズがあると家族でシェアできるので嬉しいです。,2026-01-15
REV00953,TX00953,USER0161,PROD025,3,説明動画がYouTubeにあると助かります。,2026-03-23
REV00954,TX00954,USER0301,PROD008,2,味が期待外れでした。他のブランドの方が美味しかったです。,2026-02-20
REV00955,TX00955,USER0433,PROD030,3,配送が予定より遅れて届きました。次回は改善をお願いします。,2026-02-15
REV00956,TX00956,USER0417,PROD020,2,味が期待外れでした。他のブランドの方が美味しかったです。,2026-01-23
REV00957,TX00957,USER0303,PROD006,4,定期的にクーポンが届くので、継続的に利用しています。,2026-03-20
REV00958,TX00958,USER0161,PROD008,2,思ったほど効果を感じられませんでした。,2026-01-18
REV00959,TX00959,USER0060,PROD012,4,良い買い物でした。配送の速さも素晴らしい。,2026-02-09
REV00960,TX00960,USER0073,PROD033,3,説明書が分かりにくかったので、動画マニュアルがあると助かります。,2026-03-30
REV00961,TX00961,USER0306,PROD009,3,思ったのと少し違いましたが、使えないことはないです。,2026-02-23
REV00962,TX00962,USER0217,PROD012,2,商品が届いた時点で箱が潰れていました。中身は無事でしたが残念です。,2026-02-19
REV00963,TX00963,USER0276,PROD012,4,ギフトラッピングのオプションがあると嬉しいです。,2026-03-23
REV00964,TX00964,USER0251,PROD019,4,定期便のサブスク割引があれば継続しやすいです。,2026-01-22
REV00965,TX00965,USER0162,PROD029,5,丁寧な対応とスピーディーな発送に感動しました。,2026-01-24
REV00966,TX00966,USER0444,PROD023,2,味が期待外れでした。他のブランドの方が美味しかったです。,2026-01-07
REV00967,TX00967,USER0249,PROD009,4,サイトが使いやすく、検索も簡単で買い物がスムーズ。,2026-01-02
REV00968,TX00968,USER0494,PROD036,4,日常使いに十分な品質。価格も手頃で満足です。,2026-02-19
REV00969,TX00969,USER0254,PROD027,3,アプリ連携機能があればもっと便利になりそう。,2026-03-25
REV00970,TX00970,USER0213,PROD029,2,思ったほど効果を感じられませんでした。,2026-03-04
REV00971,TX00971,USER0043,PROD037,4,ギフトラッピングのオプションがあると嬉しいです。,2026-01-22
REV00972,TX00972,USER0113,PROD019,5,想像していた通りの商品で、使い心地も抜群でした。リピート確定です。,2026-04-08
REV00973,TX00973,USER0116,PROD035,5,デザインが気に入りました。注文から到着まで早くて助かりました。,2026-02-05
REV00974,TX00974,USER0400,PROD030,3,普通の商品でした。特に良くも悪くもないです。,2026-01-22
REV00975,TX00975,USER0396,PROD032,2,商品が届いた時点で箱が潰れていました。中身は無事でしたが残念です。,2026-04-06
REV00976,TX00976,USER0058,PROD037,4,定期便のサブスク割引があれば継続しやすいです。,2026-03-07
REV00977,TX00977,USER0397,PROD035,5,写真よりも実物の方が綺麗で、買って正解でした。,2026-02-04
REV00978,TX00978,USER0278,PROD003,1,返品処理に2週間以上かかり、その間連絡もなくストレスでした。,2026-02-16
REV00979,TX00979,USER0226,PROD035,1,注文したものと違う商品が届きました。確認をしっかりお願いします。,2026-04-03
REV00980,TX00980,USER0053,PROD016,4,デザインは気に入っていますが、少し重めなのが残念。,2026-02-24
REV00981,TX00981,USER0231,PROD017,3,値段相応の商品だと思います。可もなく不可もなく。,2026-01-05
REV00982,TX00982,USER0225,PROD008,3,配送が予定より遅れて届きました。次回は改善をお願いします。,2026-01-12
REV00983,TX00983,USER0108,PROD038,1,2回目の使用で故障。品質に疑問を感じます。,2026-01-31
REV00984,TX00984,USER0441,PROD028,2,使いづらく、すぐに使わなくなってしまいました。,2026-02-14
REV00985,TX00985,USER0072,PROD014,4,値段の割にクオリティが高く、コスパが素晴らしい。友人にもお勧めしました。,2026-03-20
REV00986,TX00986,USER0413,PROD004,1,返品処理に2週間以上かかり、その間連絡もなくストレスでした。,2026-01-27
REV00987,TX00987,USER0273,PROD018,2,商品が届いた時点で箱が潰れていました。中身は無事でしたが残念です。,2026-02-14
REV00988,TX00988,USER0087,PROD021,2,思っていた色と違いました。画像と実物の差が大きすぎます。,2026-03-10
REV00989,TX00989,USER0149,PROD037,2,商品画像と実物の印象がかなり違います。,2026-02-07
REV00990,TX00990,USER0461,PROD007,4,商品自体は良いので、あとは価格がもう少し安ければ。,2026-03-07
REV00991,TX00991,USER0403,PROD027,5,丁寧な対応とスピーディーな発送に感動しました。,2026-04-07
REV00992,TX00992,USER0142,PROD009,4,定期的にクーポンが届くので、継続的に利用しています。,2026-01-08
REV00993,TX00993,USER0128,PROD010,2,使いづらく、すぐに使わなくなってしまいました。,2026-01-17
REV00994,TX00994,USER0425,PROD016,2,商品画像と実物の印象がかなり違います。,2026-02-11
REV00995,TX00995,USER0202,PROD032,1,注文したものと違う商品が届きました。確認をしっかりお願いします。,2026-03-28
REV00996,TX00996,USER0324,PROD018,5,リピーターです。いつも品質が安定していて信頼できます。,2026-03-15
REV00997,TX00997,USER0193,PROD029,2,期待していた機能が使えず、残念でした。,2026-02-23
REV00998,TX00998,USER0407,PROD006,5,友人へのプレゼントに購入しましたが、とても喜んでもらえました。,2026-03-23
REV00999,TX00999,USER0384,PROD018,3,可もなく不可もなく、無難な選択だったと思います。,2026-03-07
REV01000,TX01000,USER0233,PROD032,2,使いづらく、すぐに使わなくなってしまいました。,2026-02-17
